"title","date","link","nrec","source","content","urls"
"[新聞] 南早:美中瑞典談判 將關稅戰停火再延90天","7/27","https://www.ptt.cc/bbs/Stock/M.1753630835.A.6EF.html","27.0","","原文連結：
https://www.taisounds.com/news/content/84/204064
發布時間：2025-7-27
記者署名：陳家齊
原文內容：
週日（27日）報導，美國與中國即將在週一（28日）舉行的會談中，將把目
前的關稅戰停火
。
報導引述知情人士消息說，在瑞典斯德哥爾摩舉行的這美中第三次貿易會談，會把原本5
月在日內瓦達成的關稅戰停火措施，再延三個月。先前，日內瓦協議同意的做法到8月12
日便會到期。
其中一名
，在延長的90天停火期間，
川普1月底就職後，曾與中國互相加徵關稅逾100%，但雙方在5月達成協議，同意停火，6
月在倫敦進行了第二輪會談。除了大量撤除猛加的稅率，中國之後開放稀土出口，美國則
撤除對中國的大量高科技限制，包括重新讓輝達（Nvidia）的H20晶片銷售中國。
心得/評論：
TACO這樣又又又延90天？
這樣下禮拜還要不要公布其他1-200個國家啊？
越南：小丑竟然只有我？
--","https://www.taisounds.com/news/content/84/204064"
"[公告] 4-6-1罰則將在明天起加重至30天到年底","7/21","https://www.ptt.cc/bbs/Stock/M.1753097242.A.C95.html","41.0","","主旨：4-6-1罰則將從明天起加重至30天到年底
說明：
這禮拜六會有什麼大家會做的事
大家都知道
我就不多講
但是因為我覺得
這禮拜六以後
4-6-1的違規在股板會變多
因此我跟其他板主群討論後已經有共識
在2025年7月22日00:00到2025年12月31日23:59
這段時間的4-6-1罰則
一律加重至30天
無論初犯與否
4-6-1的罰則都是30天起跳
累犯的則照常計算累犯
這段時間板主群對於4-6-1的違規
基本上會從嚴認定
請板友要提到政治請去其他板
不要在這裡違規增加板主群困擾
這裡股板主要還是要討論跟股票相關的事物
以上
--",""
"[閒聊] 2025/07/25 盤後閒聊","7/25","https://www.ptt.cc/bbs/Stock/M.1753423259.A.838.html","100.0","青竹色 (@iro_aotake)","台指期　自營商
投信
外資
台指選　自營商
投信      0 外資
小台指期　自營商
投信
外資
成交量排行：
、
成交值排行：
、
、
、
--
不變應萬變，才是永世真理。
https://pbs.twimg.com/media/GwpJ4fAasAAbOUl.jpg
「我會鋪就通往真實的路。」
https://pbs.twimg.com/media/Gwixcxeb0AAoD-s.jpg
「旋風製造機、空間轉換燈……需要幫忙嗎？洛可可有很多道具哦。」
https://pbs.twimg.com/media/Gwnsd5cbcAAnoZl.jpg
--
東風夜放花千樹，更吹落，星如雨。寶馬雕車香滿路。
鳳簫聲動，玉壺光轉，一夜魚龍舞。
蛾兒雪柳黃金縷，笑語盈盈暗香去。
眾裡尋他千百度，驀然回首，那人卻在燈火闌珊處。
——【宋】辛棄疾《青玉案・元夕》
--","https://pbs.twimg.com/media/GwpJ4fAasAAbOUl.jpg|https://pbs.twimg.com/media/Gwixcxeb0AAoD-s.jpg|https://pbs.twimg.com/media/Gwnsd5cbcAAnoZl.jpg"
"[標的] 2316楠梓電 多","7/27","https://www.ptt.cc/bbs/Stock/M.1753590097.A.8FD.html","41.0","","標的：2316楠梓電
分類：多
分析/正文：
楠梓電默默來到70.5元，籌碼部分也愈來愈集中，持有400張以上的大戶持股來到66%，散戶持股持續降低
https://imgur.com/YWI0NQS
資料來源：自行整理
附上兆豐的整理
https://imgur.com/soezCcp
資料來源：兆豐台灣產業專題-伺服器產業專題 p.18
https://imgur.com/J8yNQXi
很多人說，滬電很賺錢，不過那是楠梓電的轉投資，又不是楠梓電自己的獲利，會這樣說代表他沒有看楠梓電 20 年前的財務報表：
https://imgur.com/D3KonpE
資料來源：楠梓電2000年年報 p.71
接著看滬電過去的各廠營業利益
https://imgur.com/FdAe40G
資料來源：自行整理
滬電其中一大獲利來源為滬利微電廠
楠梓電 2005 年財報中寫著這段話：
『 WUS Group Holdings Co., Ltd.（WGH，設立於薩摩亞），持股100%，主要從事投資業務。該子公司另投資設立下列孫公司：
China Circuit Limited（CCL，設立於香港），持股53.6%，主要從事銷售印刷電路板及相關產品之貿易活動。
滬利微電有限公司（滬利微電，設立於中國大陸），持股50%，主要業務為生產、加工覆晶片構裝用之高密度細電路基座及薄膜液晶顯示器模組零組件之組裝銷售及提供產品售後服務。目前尚處創業期間。
上海之滬士電子公司（附註十九）擬收購WGH持有滬利微電公司之所有股權，雙方已於九十四年底達成協議，約定以WGH原始投資價款為交易對價，是項收購預計將於九十五年度完成，本公司評估不致產生重大損益。 』
這時滬電股份 45% 股權在楠梓電
滬利微電也有 50% 股權在楠梓電
在這次交易後變成滬電股份擁有 100% 滬利微電股權
而楠梓電擁有 45% 滬電股份（因此楠梓電在利益的實質上仍保有 45% 滬利微電）
這樣的轉換對於當時的楠梓電來說，就只是把一個子公司的股權轉換到另一個子公司身上，在分配後，對楠梓電來說本質上相同，不過卻對會計上造成改變，滬利微電這個廠本來獲利認列在楠梓電的本業中，這時因為換滬電直接擁有滬利微電，而楠梓電以權益法認列滬電損益，因此原本的滬利微電損益就從業內變成“業外”了
為何楠梓電要把滬利微電這個廠拆出來到滬電身上呢？
回顧當時的時空背景，滬電為楠梓電這間公司當時老闆吳禮淦先生在楠梓電的公司結構下於中國創立，也就是楠梓電的小金雞，那時嘗試將滬電上市，卻因為楠梓電跟滬電之間業務重疊度過高，且兩間公司經營者重疊度過高，而被喊卡，於是楠梓電與滬電就如此安排，將部分業務由楠梓電轉移到滬電，但又讓楠梓電在利益的實質上能夠維持原本的比例，透過結構的調整來符合中國的上市規則。所以才會不得已將滬利微電這間賺錢的廠房本來是楠梓電的“業內”，現在卻只能透過權益法認列在楠梓電的“業外”
了解這些歷史後，楠梓電的“業外”是真的業外嗎？還是其實都是業內呢？
上面關於滬電過去的各廠營業利益統計到2023H1，後來更新至2024H2：
https://imgur.com/PyflEf0
資料來源：自行整理
2025上半年確切數字還沒公布，不過有業績預告，淨利潤預期比2024上半年增長44.63% ~ 53.40%
券商報告統計如下：
預估滬電 eps
2025：1.89 ~ 1.99人民幣，2026：2.63 ~ 2.81人民幣
相當於楠梓電稅前可以透過權益法認列的 eps
2025：9.17 ~ 9.65元，2026：12.76 ~ 13.63元
股價方面，滬電確實已經噴爛了
https://imgur.com/6NwxHcj
統計起始點2023/1/1，（楠梓電市值+總負債）除以楠梓電所持有滬電市值 = 0.795
之後滬電股份漲330%，楠梓電145%，仍然有很大的空間未反應
https://imgur.com/CiAvLYK
資料來源：自行整理
轉投資謬誤破解
迷思一：一直賣股票，賣完就沒有了
破解：如果楠梓電一直賣滬電股票，賣完後，雖然沒有了滬電股票能夠認列收益，但公司會多出每股240元現金。一間公司有每股240元現金，股價70.5元，不香嗎？
240算法：
楠梓電持有滬電股份216,711,023股，楠梓電本身流通在外股數182,740,536股，滬電股價49.54人民幣，1人民幣=4.09台幣
216,711,023 / 182,740,536 * 49.54 * 4.09 = 240.28
迷思二：不賣股票就沒業外收入
破解：如果楠梓電沒賣滬電股票，就會像以往一樣繼續透過權益法認列收益，楠梓店持有滬電約11%股權，滬電賺多少就乘以11%為楠梓電權益法收入。並且收取來自滬電發的股利。
比較好懂的方式，您手中的股票，您會因為沒賣就覺得不值錢嗎？
此外，看了滬電與楠梓電過去的招股書、年報等等之後，與其說滬電是楠梓電業外，不如說是業內更合適。
https://imgur.com/wtKpQRK
鑽石手，不到百五不放手
https://imgur.com/uxoi0xt
我始終相信價值投資是致富最穩的一條路
楠梓電 團結 強大
進退場機制：
150以上慢慢出，不停損
-----
Sent from JPTT on my iPhone
--
不急啦","https://imgur.com/YWI0NQS|https://imgur.com/soezCcp|https://imgur.com/J8yNQXi|https://imgur.com/D3KonpE|https://imgur.com/FdAe40G|https://imgur.com/PyflEf0|https://imgur.com/6NwxHcj|https://imgur.com/CiAvLYK|https://imgur.com/wtKpQRK|https://imgur.com/uxoi0xt"
"[公告] 大水桶 大成功","7/27","https://www.ptt.cc/bbs/Stock/M.1753590467.A.FA3.html","27.0","作者  Manslayer69 (向上!)                                        看板  Stock","主旨：多人水桶公告
說明：經板主群合議認定及主動巡查，以下使用者違反板規
1.
違規人  ：roder
違規文章：
#1e2FeJKV (Stock)
檢舉文章：
#1e3J3QI9 (StockPicket)
違規條目：4-6-1
罰則　　：水桶一月
違規事證：
2.
違規人  ：BingLing
違規文章：
#1e2FeJKV (Stock)
檢舉文章：
#1e3J3QI9 (StockPicket)
違規條目：4-6-1
罰則　　：水桶一年
違規事證：
3.
違規人  ：Roger5566
違規文章：
#1e2FeJKV (Stock)
檢舉文章：
#1e3J3QI9 (StockPicket)
違規條目：4-6-1
罰則　　：水桶一月
違規事證：
4.
違規人  ：Yidra
違規文章：
#1e2FeJKV (Stock)
檢舉文章：
#1e3J3QI9 (StockPicket)
違規條目：4-6-1
罰則　　：水桶一月
違規事證：
5.
違規人  ：IsoRoy
違規文章：
#1e2FeJKV (Stock)
檢舉文章：
#1e3J3QI9 (StockPicket)
違規條目：4-6-1
罰則　　：水桶一月
違規事證：
6.
違規人  ：mountain821
違規文章：
#1e2FeJKV (Stock)
檢舉文章：
#1e3J3QI9 (StockPicket)
違規條目：4-6-1
罰則　　：水桶一月
違規事證：
7.
違規人  ：abcjoe61115
違規文章：
#1e2FeJKV (Stock)
檢舉文章：
#1e3J3QI9 (StockPicket)
違規條目：4-6-1
罰則　　：水桶一月
違規事證：
8.
違規人  ：diskck
違規文章：
#1e2FeJKV (Stock)
檢舉文章：
#1e3J3QI9 (StockPicket)
違規條目：4-6-1
罰則　　：水桶一年
違規事證：
9.
違規人  ：ArgusX
違規文章：
#1e2FeJKV (Stock)
檢舉文章：
#1e3J3QI9 (StockPicket)
違規條目：4-6-1
罰則　　：水桶一月
違規事證：
10.
違規人  ：vivi8770
違規文章：
#1e2FeJKV (Stock)
檢舉文章：
#1e3J3QI9 (StockPicket)
違規條目：4-6-1
罰則　　：水桶一月
違規事證：
11.
違規人  ：BABY19831016
違規文章：
#1e2FeJKV (Stock)
檢舉文章：
#1e3J3QI9 (StockPicket)
違規條目：4-6-1
罰則　　：水桶一月
違規事證：
12.
違規人  ：lantimes
違規文章：
#1e2FeJKV (Stock)
檢舉文章：
#1e3J3QI9 (StockPicket)
違規條目：4-6-1
罰則　　：水桶一月
違規事證：
13.
違規人  ：hipab
違規文章：
#1e2FeJKV (Stock)
檢舉文章：
#1e3J3QI9 (StockPicket)
違規條目：4-6-1
罰則　　：水桶一月
違規事證：
14.
違規人  ：la8day
違規文章：
#1e2FeJKV (Stock)
檢舉文章：
#1e3J3QI9 (StockPicket)
違規條目：4-6-1
罰則　　：水桶一月
違規事證：
15.
違規人  ：skytemple
違規文章：
#1e2FeJKV (Stock)
檢舉文章：
#1e3J3QI9 (StockPicket)
違規條目：4-6-1
罰則　　：水桶一月
違規事證：
16.
違規人  ：homygodpppk
違規文章：
#1e2FeJKV (Stock)
檢舉文章：
#1e3J3QI9 (StockPicket)
違規條目：4-6-1
罰則　　：水桶一月
違規事證：
17.
違規人  ：bigbill
違規文章：
#1e2FeJKV (Stock)
檢舉文章：
#1e3J3QI9 (StockPicket)
違規條目：4-6-1
罰則　　：水桶一月
違規事證：
18.
違規人  ：askewkimo
違規文章：
#1e2FeJKV (Stock)
檢舉文章：
#1e3J3QI9 (StockPicket)
違規條目：4-6-1
罰則　　：水桶一月
違規事證：
19.
違規人  ：ealleneee91
違規文章：
#1e2FeJKV (Stock)
檢舉文章：
#1e3J3QI9 (StockPicket)
違規條目：4-6-1
罰則　　：水桶一月
違規事證：
20.
違規人  ：greengoblin
違規文章：
#1e2FeJKV (Stock)
檢舉文章：
#1e3J3QI9 (StockPicket)
違規條目：4-6-1
罰則　　：水桶一月
違規事證：
21.
違規人  ：david9066011
違規文章：
#1e2FeJKV (Stock)
檢舉文章：
#1e3J3QI9 (StockPicket)
違規條目：4-6-1
罰則　　：水桶一月
違規事證：
22.
違規人  ：ezmila
違規文章：
#1e2FeJKV (Stock)
檢舉文章：
#1e3J3QI9 (StockPicket)
違規條目：4-6-1
罰則　　：水桶一月
違規事證：
23.
違規人  ：acc5566
違規文章：
#1e2FeJKV (Stock)
檢舉文章：
#1e3J3QI9 (StockPicket)
違規條目：4-6-1
罰則　　：水桶一月
違規事證：
24.
違規人  ：jrbobo
違規文章：
#1e2FeJKV (Stock)
檢舉文章：
#1e3J3QI9 (StockPicket)
違規條目：4-6-1
罰則　　：水桶一月
違規事證：
25.
違規人  ：ninggo
違規文章：
#1e2FeJKV (Stock)
檢舉文章：
#1e3J3QI9 (StockPicket)
違規條目：4-6-1
罰則　　：水桶一月
違規事證：
26.
違規人  ：zaiter
違規文章：
#1eVBgbRq (Stock)
檢舉文章：
#1eVXwbQk (StockPicket)
違規條目：4-5-1
罰則　　：水桶一年
違規事證：
27.
違規人  ：Warnerting
違規文章：
#1eVBgbRq (Stock)
檢舉文章：
#1eVXwbQk (StockPicket)
違規條目：4-6-1
罰則　　：水桶七日
違規事證：
28.
違規人  ：s240616
違規文章：
#1eUcKNIZ (Stock)
檢舉文章：
#1eVEHYbh (StockPicket)
違規條目：4-6-1
罰則　　：水桶七日
違規事證：
29.
違規人  ：daniel3658
違規文章：
#1eUcKNIZ (Stock)
檢舉文章：
#1eVEHYbh (StockPicket)
違規條目：4-6-1
罰則　　：水桶一年
違規事證：
30.
違規人  ：Manslayer69
違規文章：
#1eV6tgJ2 (Stock)
檢舉文章：
#1eV7uTh1 (StockPicket)
違規條目：4-2-1 4-2-5
罰則　　：水桶一年
違規事證：
時間  Sun Jul 20 12:17:44 2025
───────────────────────────────────────
中國2018以後有多慘就不說了
始作俑者我川又上台
可以想像四年後會更慘
台灣我黨廢到笑，只是無腦舔美就爽到翻
為何韓國全國有自殺傾向？
這次選舉後又把自己跟炸彈綁在一起？
學不會嗎？！ 好奇
台股過去5年漲幅是韓國兩倍多
好不容易尹上台後慢慢扭轉
結果看來兩邊3年後股市可能不只差一倍了
--------------------------------------------------------------------------
有提到任一支股票請使用[標的]
有提到任一支股票請使用[標的]
有提到任一支股票請使用[標的]
發文前請先詳閱[請益]分類發文規範，未依規範發文將受處份。
根據板規1-4-2.請益可提及標的，但是只要屬以下如：
1.問漲跌，或持股分析。  2.預測個股或產業未來性。  3.或有推薦意圖。
請使用 [標的] 分類並依正確格式發文，違者1-4-2刪文處份。
---------------------按ctrl+y 可刪除以上內容。----------------------------
-----
Sent from PttX on my iPhone
--
--
https://imgur.com/BEUadph
https://imgur.com/G6siNmv
https://imgur.com/300wpWQ
https://imgur.com/5tQMyZR
--","/bbs/Stock/M.1745418771.A.51F.html|/bbs/StockPicket/M.1745694938.A.489.html|/bbs/Stock/M.1745418771.A.51F.html|/bbs/StockPicket/M.1745694938.A.489.html|/bbs/Stock/M.1745418771.A.51F.html|/bbs/StockPicket/M.1745694938.A.489.html|/bbs/Stock/M.1745418771.A.51F.html|/bbs/StockPicket/M.1745694938.A.489.html|/bbs/Stock/M.1745418771.A.51F.html|/bbs/StockPicket/M.1745694938.A.489.html|/bbs/Stock/M.1745418771.A.51F.html|/bbs/StockPicket/M.1745694938.A.489.html|/bbs/Stock/M.1745418771.A.51F.html|/bbs/StockPicket/M.1745694938.A.489.html|/bbs/Stock/M.1745418771.A.51F.html|/bbs/StockPicket/M.1745694938.A.489.html|/bbs/Stock/M.1745418771.A.51F.html|/bbs/StockPicket/M.1745694938.A.489.html|/bbs/Stock/M.1745418771.A.51F.html|/bbs/StockPicket/M.1745694938.A.489.html|/bbs/Stock/M.1745418771.A.51F.html|/bbs/StockPicket/M.1745694938.A.489.html|/bbs/Stock/M.1745418771.A.51F.html|/bbs/StockPicket/M.1745694938.A.489.html|/bbs/Stock/M.1745418771.A.51F.html|/bbs/StockPicket/M.1745694938.A.489.html|/bbs/Stock/M.1745418771.A.51F.html|/bbs/StockPicket/M.1745694938.A.489.html|/bbs/Stock/M.1745418771.A.51F.html|/bbs/StockPicket/M.1745694938.A.489.html|/bbs/Stock/M.1745418771.A.51F.html|/bbs/StockPicket/M.1745694938.A.489.html|/bbs/Stock/M.1745418771.A.51F.html|/bbs/StockPicket/M.1745694938.A.489.html|/bbs/Stock/M.1745418771.A.51F.html|/bbs/StockPicket/M.1745694938.A.489.html|/bbs/Stock/M.1745418771.A.51F.html|/bbs/StockPicket/M.1745694938.A.489.html|/bbs/Stock/M.1745418771.A.51F.html|/bbs/StockPicket/M.1745694938.A.489.html|/bbs/Stock/M.1745418771.A.51F.html|/bbs/StockPicket/M.1745694938.A.489.html|/bbs/Stock/M.1745418771.A.51F.html|/bbs/StockPicket/M.1745694938.A.489.html|/bbs/Stock/M.1745418771.A.51F.html|/bbs/StockPicket/M.1745694938.A.489.html|/bbs/Stock/M.1745418771.A.51F.html|/bbs/StockPicket/M.1745694938.A.489.html|/bbs/Stock/M.1745418771.A.51F.html|/bbs/StockPicket/M.1745694938.A.489.html|/bbs/Stock/M.1753004709.A.6F4.html|/bbs/StockPicket/M.1753095845.A.6AE.html|/bbs/Stock/M.1753004709.A.6F4.html|/bbs/StockPicket/M.1753095845.A.6AE.html|/bbs/Stock/M.1752851735.A.4A3.html|/bbs/StockPicket/M.1753015394.A.96B.html|/bbs/Stock/M.1752851735.A.4A3.html|/bbs/StockPicket/M.1753015394.A.96B.html|/bbs/Stock/M.1752985066.A.4C2.html|/bbs/StockPicket/M.1752989213.A.AC1.html|https://imgur.com/BEUadph|https://imgur.com/G6siNmv|https://imgur.com/300wpWQ|https://imgur.com/5tQMyZR"
"[標的] 普發現金概念股 多","7/27","https://www.ptt.cc/bbs/Stock/M.1753591362.A.EFE.html","42.0","","先說結論 - 華航
現在普發一萬的機率大升
本來想佈局觀光 美食股
例如： 雄獅 六福 等等
但觀察後，目前歷史4次普發
並非每次觀光股都漲
連高鐵也不漲，以為大家會亂跑
包含統一等等零售股 也不一定漲
但是，意外的 華航漲
我抓短期持股3個月
第一次消費券
2009/1～2009/4: 約大漲50%
第二次三倍券
2020/7 ～ 2020/10: 5%
如果持股到年底
2020/7～2020/12 大漲48%
第三次五倍券
2021/10 ～ 2022/1: 大漲62%
第四次普發6000
2023/3 ～ 2023/6: 大漲47%
除了2020要持股久一點外
其他都在3個月左右，可以飆將近50%
不知道大家還有沒有普發概念股
或許linepay、綠界之類的，大家會課金
可以觀察一下
然後有個差異要注意，就是歷史4次普發
都是經濟不好，用來刺激經濟
而現在經濟不算差，本來大家都在出國玩了
或許股價效益沒那麼大
--
虎航可以期待
只是華航和長榮航空 是龍頭股
然後本益比又超低
上漲空間大 下跌空間小",""
"[新聞] 國旅2.22億人次創新高 住房率低成觀光課","7/27","https://www.ptt.cc/bbs/Stock/M.1753592085.A.2CA.html","50.0","","國旅2.22億人次創新高 住房率低成觀光課題
2025/7/26 公視 林敬倫 報導
根據交通部調查，去年國人國內旅遊共計2.22億旅次，創歷史新高，但國內住宿只有0.6
億人次，住宿率約2成6；宜蘭正是童玩節旺季，但平日民宿的住宿率低於2成。有業者推
出公益民宿，民眾住宿的費用全部捐給公益團體，希望吸引旅客。
每間房間都有不同主題的風格，公領域還提供書本，富含文藝氣息，但適逢童玩節暑假旺
季期間，宜蘭的民宿，平日住宿客卻不多。業者坦言，近年民宿不斷增加，加上民眾多選
擇國外旅遊，入住人數大不如前。
秀春教育基金會執行長黃賜福表示，「這一次跟福氣家族做整個合作公益，入住德隆行館
所賺的盈餘，全部捐給福氣家族的多元助學。」
民宿業者為增加人氣，推出公益民宿，民眾只要住宿，相關費用都會捐贈給福氣家族公益
團體的多元助學方案，且鑒於社工工作辛苦，也推出設籍宜蘭的社工，免費住宿方案。
每年童玩節，是帶動宜蘭暑期住宿的重要活動，但受大環境影響，宜蘭民宿業者表示，今
年暑假較去年同期，住宿率少了5成，宜蘭的部分，假日雖然會客滿，平日住宿率卻不到2
成，業者分析原因除了大環境，部分旅遊業者大打國外旅遊比國旅便宜的廣告，也是問題
。
中華民國民宿協會全聯會理事陳勝樂說道，「曾經在發出國玩比台灣便宜，都是在做旅遊
業的人在發的，就是他在做國外，他可能在包機或者是包團出遊的人，就是不斷的發出這
樣的訊息，誘使國人都誤以為台灣玩真的很貴。」
宜蘭縣政府工商旅遊處長李東儒表示，「在童玩節期間，只要來到宜蘭於宜蘭合法旅宿，
住宿滿2000元，就可以兌換童玩一人一次入場。」
根據交通部調查，去年國人國內旅遊共計2.22億旅次，創歷史新高，但旅宿業績卻慘淡，
國內住宿僅0.6億人次，住宿率約2成6，國旅一日遊比例大增；如何讓旅客來玩來願意留
宿，成了課題，縣政府搭配童玩節，推出不少住宿優惠方案，盼解決問題。
吳仲安/編輯
https://news.pts.org.tw/article/762694
心得/評論：
台灣住宿貴物價高 交通不方便又危險 也沒有迪士尼遊樂園或環球影城
更沒有紅燈區賭場 比日韓昂貴比泰越無聊不適合觀光
上市櫃旅館業及觀光餐飲業陷入危機?
--
英國老人在海關翻找護照，動作很慢找了很久，女海關尖酸的問：你來過法國？
英國老頭說：我只來過一次。女海關更尖酸的問：你來過怎麼不知道提前拿護照？
老頭：我上次來時沒檢查護照。
女海關高聲叫道：不可能！英國佬來法國我們永遠都要檢查護照！
老頭：44年登陸時候，海灘上可一個法國人沒見著...
旁邊德國老頭說：是的，這個我能證明，當時灘頭確實一個法國人都沒有...
--","https://news.pts.org.tw/article/762694"
"[新聞] 赤澤：對美投資出資比率為1%至2%","7/27","https://www.ptt.cc/bbs/Stock/M.1753592791.A.3A5.html","26.0","","赤沢氏、関税で共同文書求めず　81兆円の対米投資で出資は1～2％
原文連結：
https://mainichi.jp/articles/20250727/k00/00m/020/095000c
發布時間：
2025/7/27 10:47（最終更新 7/27 12:41）
記者署名：
田所柳子
原文內容：
赤沢亮正経済再生担当相は26日夜のNHK番組で、米国と合意した15％への自動車関税の
引き下げを急ぐため、共同文書による確認を求めない考えを示した。文書作成を理由に
引き下げの先送りを防ぐためという。引き下げ時期は8月1日を目指すが、遅れた場合で
も引き下げの米大統領令発令を「強力に催促する」とした。
赤沢氏は5500億ドル（約81兆円）の対米投資期間について、2029年1月までを予定す
る「トランプ大統領の任期中にできればいい」と述べた上で、「出資は1～2％になるだ
ろう」と明かした。残りは政府系金融機関による融資や融資保証。出資で生まれた利益
の日米配分は日本の提案した5対5でなく、トランプ氏が主張した1対9となったが、「関
税引き下げで回避できた損失は10兆円に及ぶだろうが、（配分変更で）失ったのはせい
ぜい数百億円の下の方」と強調した。
日本は米国産コメの輸入の拡大について主食用でないと説明しているが、赤沢氏は「
食料安全保障を考える時代だ。飼料用米などに使われる中で、いざという時は主食用米
に転用できる割合を増やすなどいろんなことを考える」とも述べた。
ベッセント米財務長官が四半期ごとに日本の合意順守を精査し、米側が不満なら自動
車・相互関税を25％に戻す考えを示したことについて「お互いに進捗（しんちょく）管
理するのは当然。私も同じノリで言えば、日本企業が損害受けているからさっさと関税
下げてほしい。関税下げてくれなければ我々が約束したことはしないということになる
」とも述べた。【田所柳子】
-------------------------------------------------------------------
Google Gemini機翻：
赤澤經濟再生擔當大臣：
經濟再生擔當大臣赤澤亮正在26日晚間的日本放送協會（NHK）節目中表示，為了加速將汽車關稅
調降至15%的協議，日本不尋求透過聯合文書確認，此舉是為了防止因文書作業而推遲關
稅調降。他指出，目標是在8月1日調降關稅，即使延遲，也將「強力催促」美國總統發布
調降關稅的行政命令。
對美國投資與利益分配
談到5500億美元（約81兆日圓）對美投資的期間，赤澤大臣表示，預計到2029年1月「能
在川普（Trump）總統任期內完成就好」，並透露「日本的出資比例將會是1%到2%」。其
餘部分將由政府系金融機構提供融資或融資擔保。儘管日本原先提議的日美利益分配是五
比五，但最終採納了川普主張的一比九，赤澤大臣強調：「透過關稅調降所避免的損失可
能高達10兆日圓，而（因分配變更）損失的至多是數百億日圓的低點。」
美國稻米進口與糧食安全
關於擴大美國產稻米進口，日本雖說明並非供主食用途，但赤澤大臣也提及：「現在是思
考糧食安全的時代。在使用飼料用米等的情況下，我們將考慮增加在緊急時可轉為主食用
米的比例，並思考各種可能性。」
稅履約與相互檢查
針對美國財政部長貝森特（Bessent）表示將每季審查日本的合意遵守情況，若美方不滿
意，則可能將汽車和相互關稅恢復至25%的說法，赤澤大臣回應：「雙方互相進行進度管
理是理所當然的。如果我也用相同的語氣，會說因為日本企業蒙受損失，所以希望盡快調
降關稅。如果關稅沒有調降，那麼我們承諾的事情也將不會履行。」
心得/評論：
目前日美雙方各自講的內容分歧很大，甚至沒有一個正式簽署的文件。
不過由美國汽車業反彈來看，至少在汽車這一塊上日本不是全部棄守。
稻米則是進口飼料用米對農業衝擊不大。
豐田的股價也許還有上漲的空間？
https://tinyurl.com/ywzpkrrt
--","https://mainichi.jp/articles/20250727/k00/00m/020/095000c|https://tinyurl.com/ywzpkrrt"
"[新聞] 最大客戶恐轉單…台積電地位要被動搖","7/27","https://www.ptt.cc/bbs/Stock/M.1753593080.A.BBC.html","100.0","","最大客戶恐轉單…台積電地位要被動搖了
「超強大對手」連輝達都心動
原文連結：
https://www.storm.mg/article/11055757
發布時間：
2025-07-27 11:30
記者署名：
林瑩真
原文內容：
但外媒最新爆料指出，
同時也意味著，原本穩居先進製程霸主地位的台積電，
或將首次在蘋果M系列晶片代工業務上出現強勁對手。
英特爾發警訊「14A恐因缺客戶而喊停」
根據英特爾提交給美國證券交易委員會（SEC）的季度財報，
公司明確警告，
這一消息震撼市場，英特爾25日股價開盤重挫逾9%、收盤大跌8.53%。
蘋果與輝達傳出有意採用，英特爾有望翻身
據《Wccftech》與《9to5mac》報導，
其中，輝達可能將部分遊戲GPU訂單轉向英特爾，
而
台積電壟斷恐被打破
值得注意的是，蘋果M系列晶片向來由台積電獨家生產，
在美中科技對峙升溫、供應鏈風險加劇之際，
若蘋果將部分先進製程轉向美國本土廠商，
將
台積電優勢仍在但壓力浮現
儘管
，
且
，
但若成功搶下蘋果與輝達訂單，
英特爾不僅能穩住自家先進製程開發，
也
。
對於長期以來仰賴高階客戶集中下單的台積電而言，此舉將是一記警訊。
心得/評論：
台積電週末鬼故事 （1/1）
沒有看到外資台媒想騙人尿尿地方都覺得不對勁
為什麼輝達蘋果要把台積電的單
轉給快混不下去連良率量產都沒有的intel呢
雖然心知肚明是廢文
但反過來說 看到週末鬼故事 就是吃貨訊號吧
還是兩個字 穩了
--","https://www.storm.mg/article/11055757"
"[新聞] 日本投資5500億美元讓美國爽賺？日經爆-","7/27","https://www.ptt.cc/bbs/Stock/M.1753599145.A.DCF.html","39.0","","日本投資5500億美元讓美國爽賺？日經爆內幕
原文連結：
https://reurl.cc/lYegk6
發布時間：
2025年7月25日 週五 下午4:17
記者署名：
記者倪浩軒/綜合報導
原文內容：
美國總統川普（Donald Trumo）日前宣布與日本達成貿易協議，日本產品進入美國的關稅
為15％，與此同時，日本將投資美國5500億美元、由美方獲得90％利潤，並開放汽車、卡
車、稻米等農產品市場。然而，日方談判代表經濟再生大臣赤澤亮正今（25）日表示，「
說日本把5500億美元交出去，這完全不是事實」，《日經》報導直言，圍繞關稅協議的細
節，日美兩方說法的差異很大，而這都是因為雙方根本沒有簽署共同文件，後續溝通仍然
勢不可少。
《日經》報導整理所謂日美貿易協議的不明確或是雙方說法有出入之處，包括開始實施的
日期，日本說明稱從8月1日開始所有輸美產品適用15％稅率，但美國的說法中實際上並沒
有提到日期。對於日本汽車廠商來説，新關稅的適用日期是生死攸關的問題，而且日本政
府相關人士也有聲音認為，日本車的關稅調降可能不會與對等關稅同步實施，而會略微延
後，因為很可能要看川普簽署的行政命令而定。
再來就是所謂的日本對美投資5500億美元，川普的原話就是如此，但是在美方的文件中其
實是表述為「Investment Vehicle」，意指將資産和投資者聯繫起來的框架。事實上，55
00億美元比日本政府一整年的稅收總額還高，日本明確指出並非真金白銀的給出5500億美
元，而是指政府旗下金融機構的出資、貸款和貸款擔保的額度，如果企業沒有積極推進對
美方投資，也有可能不會使用。而所謂的90％利潤歸美，日本的說法是利潤分配隨出資比
例而定，實際情況可能會因個別項目而異。
另外像是所謂的開放美國稻米進入日本，美方的文件提到「將立即增加75％」，但日本農
相小泉進次郎則說擴大購買美國産白米並沒有固定的框架，「可以由日本方面判斷」，且
強調總量上進口的稻米不會增加。美方的說法還包括日本每年增加購買數十億美元的美國
防衛裝備，但赤澤亮正的說法是「協議中不包括防衛費相關內容」。
日美對於協議的說明存在如此多的出入，關鍵在於與通常的貿易談判不同，雙方並沒有簽
署共同文件來總結協議的共識。類似情況也發生在美國與越南達成的貿易協議上，至今美
越也未公布詳細內容。美國財政部長貝森特23日表示，將按照季度對日本的落實情況進行
評估，如果川普覺得不滿意，也可能隨時重新提高日本適用的關稅，而赤澤隨後明確否認
貝森特的說法，稱不記得有進行過類似討論。
《日經》報導最後結論，顯而易見的是，日美雖已達成協定，但仍有許多不確定因素，雙
方後續溝通勢不可少，且在發布資訊時有必要互相協調，以消除相關企業的不安。
心得/評論：
達成協定，但是日美雙方高層認知差異很大，甚至川普總統的認知差異更大，那到時候有
辦法執行嗎？投資5500億、稻米進口、防衛預算，日本代表赤澤跟美國總統川普講的好像
差距很大噢，以哪一方的認知去執行？
--","https://reurl.cc/lYegk6"
"Re: [新聞] 最大客戶恐轉單…台積電地位要被動搖","7/27","https://www.ptt.cc/bbs/Stock/M.1753600625.A.AC8.html","36.0","","這種新聞習慣上都會去找一下來源
應該是下面這篇 英文好的可以直接看
後面補上copilot翻譯的中文版本
來源：
https://reurl.cc/gYM48R
原文如下
Apple and Intel 14A: A lifeline for Intel or just a tactical threat against
TSMC?
蘋果與英特爾 14A：是英特爾的救命繩，還是對台積電的戰術威脅？
日期：27. July 2025 06:00 Samir Bashir
Apple flirting with Intel is like the head of the class looking over the math
homework of the nerdy person sitting next to him out of pity – polite,
perhaps genuinely curious, but rarely long-term. Nevertheless, according to
Jeff Pu (GF Securities), what is leaking out is not without explosive force,
report our colleague Muhammad Zuhair from WccfTech: Apple is said to be
evaluating early versions of Intel’s 14A process (1.4 nm). And NVIDIA is
also reportedly putting out feelers. Sounds like silicone romance, but could
be pure power politics at the level of global semiconductor dependencies.
蘋果公司與英特爾之間的接觸，猶如班上成績優異的學生出於善意而翻閱鄰座書呆子的數
學作業——表面上禮貌，或許懷有真誠的好奇心，但極少具有長期性合作的意圖。然而，
根據 GF Securities 的分析師 Jeff Pu 所透露的訊息，我們的同事 Muhammad Zuhair（
WccfTech 報導）指出：此事的外洩內容可能具有重大影響力。據悉，蘋果目前正在評估
英特爾 14A 製程（1.4 奈米）之初期版本；此外，輝達（NVIDIA）亦傳出正在釋出合作
意向。這一系列動作表面上看似半導體領域的策略合作，但更可能代表一場圍繞全球半導
體供應鏈依賴所展開的權力競局。
Intel 14A: A process between hope and ultimatum
The story is quickly told, but deeply ramified: Intel has its back to the
wall. The foundry business is in deficit, the industry’s trust is as full of
holes as Swiss cheese – just think of Intel’s failed 10 nm odyssey and the
eternal promise “next year we’ll be back in front”. So now the big hit:
14A – a process node based on the PowerVia backbone of the 18A, spiced up
with 2nd Gen RibbonFET and PowerDirect. Sounds futuristic, yes, but above all
it is a desperate appeal: “Buy from us, otherwise we’ll drop out of the
node rally!” An ultimatum that means something like: If Apple and NVIDIA don
’t get on board, that’s it for Intel’s ambition to become a semiconductor
superpower again.
Intel 14A：介於希望與最後通牒之間的製程節點
這個故事雖可簡短敘述，卻牽動深遠：英特爾目前處於艱困處境。其晶圓代工業務長期虧
損，產業對其信任如同瑞士乳酪般千瘡百孔——回顧英特爾在 10 奈米製程上的挫敗歷程
，以及多年來未曾實現的「明年我們將重返領先」承諾，即可略見一斑。
如今，英特爾寄予厚望的突破點是 14A 製程節點。該技術建立在 18A 製程的 PowerVia
架構之上，並結合第二代 RibbonFET 及 PowerDirect 技術。儘管展現未來性，最核心的
仍是一項迫切呼籲：「請選擇我們，否則我們將退出先進製程競爭。」
這項訊息的實質意涵即是：若蘋果與輝達未選擇採用該製程節點，英特爾重新奪回半導體
領導地位的企圖恐將功敗垂成。
Apple: between diversification and blackmail
Why would Apple, TSMC’s premium customer, suddenly come knocking on Intel’s
door? Quite simply: pressure. TSMC is currently holding the chip world
hostage. If you want high-end, you have to pay. And those who don’t pay
simply don’t get any capacity or are put off until later slots. An untenable
situation for Apple. Especially in view of the fact that TSMC will not bring
its new production facilities (A14, not to be confused with Apple’s SoC of
the same name) into series production until 2028. A dual sourcing model with
Intel would therefore be more of a threat than a technical necessity. Apple
is showing TSMC the yellow card: “If you become too expensive or too slow, we
’ll go to Intel.” Of course, only if Intel delivers at all by then. And
this is precisely where the problem lies: PDK samples and 5-nines yield are
worlds apart.
Apple：介於供應多元化與策略施壓之間
蘋果公司作為台積電的核心高端客戶，為何突然轉向英特爾表達興趣？原因其實非常明確
：市場壓力。台積電目前在高階晶片製程領域擁有主導地位，對整個晶片市場形成高度依
賴。欲取得先進製程的產能，客戶須支付高額代價；未願付出者則往往被排入後續時程或
直接排除於外。這樣的情況對蘋果而言已難以承受。
尤其需要注意的是，台積電預計要到 2028 年才會將其最新的 A14 製程技術（注意：與
蘋果自家命名的 A14 SoC 並無關聯）導入量產階段。在此背景下，與英特爾啟動雙重採
購模式，更像是蘋果的一項策略性威脅，而非出於技術需求。其意圖明確：向台積電示警
——「若你變得太昂貴或進度太慢，我們將轉向英特爾。」
但此舉能否付諸實行，仍取決於英特爾是否具備交付能力。事實上，僅有設計開發套件（
PDK）並不代表已達量產良率標準。在業界要求達成「五個九」（99.999%）良率的高度門
檻下，設計階段與實際生產間仍存在巨大的技術落差。
NVIDIA: The AI monolith is looking for new foundries
The fact that NVIDIA is also being touted as an interested party is less
surprising. The entire AI industry is currently steaming like an overheated
reactor, and TSMC’s output is not enough. A second supplier would be worth
its weight in gold for NVIDIA – especially in the mid-range GPU segment. But
here too, everything is still on paper. No tape-outs, no test chips, no
concrete deals. Rumor has it that Intel has already poached high-ranking TSMC
engineers from Arizona – a tactical move, but no proof of production
readiness. And manufacturing is not a LinkedIn profile, but hard
infrastructure, long-term contracts, machines, lithography expertise and,
last but not least, trust.
NVIDIA：AI 巨頭積極尋找新晶圓代工夥伴
NVIDIA 被認為是可能的合作方之一，其實並不令人意外。眼下整個 AI 產業如同過熱的
反應爐般迅速膨脹，而台積電的產能顯然無法充分應對市場需求。對 NVIDIA 而言，特別
是在中階 GPU 市場領域，尋求第二供應來源將極具戰略價值。
然而，目前所有計畫仍停留在紙上談兵階段——尚無設計定案（tape-out）、無測試晶片
，也未達成任何具體合作協議。有市場傳聞指出，英特爾已在亞利桑那州挖角多位台積電
高階工程師，作為策略佈局的一環，但此舉並不能視為具備量產能力的明確證據。
值得強調的是，晶片製造不僅是人才履歷的堆疊，更是建構於實體基礎設施之上的長期投
資：包括生產設備、微影技術專業、穩定的契約架構，以及最重要的——產業信任。
A strategic mix: semiconductors as a diplomatic currency
What at first glance seems like a minor industry announcement is actually
part of a global game. Intel – once the guardian of Moore’s Law – is now a
supplicant. Apple – the tech oligarch of the post-PC era – is using its
market position to play suppliers off against each other. And TSMC – the
quasi-monopolist – threatens to become the structural weak point of the
Western tech world, especially in view of Taiwan’s geopolitical fragility.
If Apple gets involved with Intel, it will not be out of charity, but out of
strategic calculation: spreading risk, pushing down prices, securing
production time. If Intel is able to deliver – which as things stand today
is more of a wish than a reality – an alternative axis of power will emerge
in the chip war.
戰略混合：半導體作為外交籌碼
乍看之下只是一則產業消息，實際上卻是全球布局的一環。英特爾——曾經是摩爾定律的
守護者，如今成了市場的請求者；蘋果——後 PC 時代的科技寡頭——正運用其市場地位
，在供應商之間進行策略性的博弈；而台積電——近乎壟斷的晶圓代工巨擘——在台灣地
緣政治脆弱性的影響下，有可能成為西方科技體系的結構性弱點。
若蘋果選擇與英特爾合作，動機絕非基於善意，而是基於精密的策略考量：分散供應風險
、壓低生產成本，並確保晶片製造時程。如果英特爾能夠如期達成交付能力——以目前情
況而言仍屬願景而非現實——則在半導體競爭格局中將可能形成一條新的權力軸線。
Conclusion: beacon of hope or smokescreen?
For Intel, an Apple or NVIDIA deal with 14A would be the saving straw. For
Apple, it is an option for a better negotiating position. A warning shot for
TSMC. But nothing is fixed yet. No wafer has been delivered, no SoC is
running. Only PDKs, roadmaps and analyst speculation. You could also say that
the ball is on the pitch – but the pitch is still under construction. And
whether Intel plays along or is left on the bench again will only be decided
when Apple says: “Tape-out, we’re in.” Until then, it’s all just
diplomatic haggling – with silicon as the pawn sacrifice.
結論：希望燈塔，抑或煙霧彈？
對英特爾而言，與蘋果或輝達在 14A 製程上的合作，無疑可能成為扭轉局勢的關鍵契機
；而對蘋果而言，這是一項提升自身談判籌碼的策略選項，同時也是對台積電釋出的預警
信號。
然而，目前尚無任何確切成果：既未交付晶圓，也無系統晶片進入實際運作階段。現階段
僅有設計開發套件（PDK）、技術藍圖以及市場分析推測。形象地說，雖然「比賽用球已
放上場」，但球場本身仍在施工中。至於英特爾是否能夠正式參與競賽，抑或再度被排除
在外，將取決於蘋果是否做出關鍵表態：「Tape-out，我們加入。」
在此之前，這場角力仍只是充滿策略意涵的外交談判——以半導體作為談判桌上的犧牲籌
碼。
Source: WccfTech, 9to5mac
心得：
看了原文，就是一個市場的消息而已，
如同原文的結論所說，未交付晶圓也沒有實際運作，都是市場推測
至於為何變成台灣新聞之後都會很驚悚就不得而知了XD
難不成又是傳說中的""嚇甩磨""嗎~
各位半導體鍵盤分析師怎麼看
--","https://reurl.cc/gYM48R"
"[新聞] 美股大賺60%的中國人慘了！北京突襲追討2","7/27","https://www.ptt.cc/bbs/Stock/M.1753619675.A.AEB.html","61.0","","「捕撈肥魚」
原文連結：
https://reurl.cc/qYNvqp
發布時間：2025-07-26 10:41
記者署名：
原文內容：
在美國股市經歷了令人驚豔的牛市之後，
最近突然出手，向擁有海外股票組合的
居民積極
。這一舉措不僅讓許多投資人措手不及，也凸顯了
。彭博新聞（Bloomberg News）專欄作家任淑莉（Shuli Ren）25日指
出，這項稅收行動的時機堪稱天才之作，正好趕上美國股市的豐收季節，中國政府輕鬆捕
獲「肥美的魚兒」。但這
，他們不僅需繳納
20%的稅款，還無法像美國人那樣遞延投資損失。
如果你最近這幾年把錢放在美國股市，大體應該享受了兩年半超過60%的驚人漲幅。但中
國的稅務局卻突然開始聯絡中國民眾，要求申報全球收入、繳納稅款，
。《華爾街日報》指
出，其實這並非新規定，中國稅務居民（通常定義為每年在中國大陸停留至少183天的人
）數十年來就必須對全球收入繳稅，但中國政府一直以來的執法力度薄弱，讓許多人忽略
了這一點。
直到最近，這一「沉睡的條款」突然被喚醒。任淑莉指出，雖然北京的舉動許多人感到驚
訝，但其實他們早該預料到。長年擔任國際財經記者，本身也是特許金融分析師（CFA）
持證人的任淑莉分析，北京現在出手的原因，就藏在
與全球市場時機中。
中國政府今年將一般預算
到30多年來最高水準，因為
，同
時需要加大刺激支出。《財新網》也認為，這次的稅收行動是北京填補財政缺口的務實之
舉。
任淑莉更推崇北京動手的時機絕佳，因為美國股市正處於牛市巔峰，標普500指數從2023
年初至今漲幅超過60%。如果中國早點嚴格執法，那些持有大量美股的投資人可能會更小
心管理居留時間，甚至移民海外以避稅。現在，這些池裡安逸悠遊的「肥美魚兒」已變得
自滿而輕忽，正是捕獲的好時機，北京出手正好分一杯羹，而無需擔心資本外流，同時也
有助於中國填補經濟低迷下的稅收缺口。
中國如何追蹤海外帳戶
值得注意的是，中國並非盲目行動。早在2018年，北京就加入了經濟合作與發展組織（
OECD）的共同報告標準（Common Reporting Standard），與其他國家合作打擊跨境逃稅
。以香港來說，如果銀行確定客戶是大陸稅務居民，就必須將帳戶餘額、利息收入等資訊
分享給香港稅務局，後者再轉交中國當局。這項機制讓北京早已掌握居民的海外資產資訊
。
《華爾街日報》指出，中國稅務局近年來透過大數據和國際合作，加強對高淨值人士的稽
查。所謂的「共同報告標準」類似於美國的FATCA（外國帳戶稅收合規法案），目的是確
保全球稅收透明化。有趣的是，這項稅收行動對中國自身資本市場的影響有限。透過股票
連結計劃（Stock Connect）購買香港上市股票的大陸投資人，至少到2027年免徵資本利
得稅。這有助於維持南向資金流入，支持今年的香港股市反彈；至於中國股市的交易也不
需繳稅。這顯示北京的策略精明：一方面追討海外紅利，一方面保護本土市場。
許多接到稅務局電話的投資人感到
，因為他們不僅需繳20%的稅款，還無法像美國投
資人那樣，將以往年的投資損失遞延到未來稅單中。這讓稅負更顯沉重。彭博新聞認為，
在美股的牛市之後，北京能收到的資本利得稅可能相當可觀。任淑莉直言：「你不會因為
繳稅而破產，但你會
，以及一絲
。」
，但
，大部分人只能乖乖繳稅。有投資人對《財新網》表示，他們原
本以為海外投資是避稅天堂，現在卻面臨追繳，甚至可能
。這讓人回
想起
，當時
。
心得/評論：
哇中國人投資美股要被扣20%的重稅惹
不只是股息(美股配息本就不多)
連資本利得也是阿
難怪中國很多富人要出逃
不然就要被割韭菜惹
--","https://reurl.cc/qYNvqp"
"Re: [新聞] 最大客戶恐轉單…台積電地位要被動搖","7/27","https://www.ptt.cc/bbs/Stock/M.1753625646.A.6DC.html","44.0","",":
閒聊
這東西hen好玩der
Z5前幾天財報就嗆惹
要是14a沒客戶林北以後就不作惹
他講這話基本上94在賭糞川跟一票議員會不會有動作
幾葛可能的大戶喔
老黃捏
幾年前也是陪三星搞惹一波
反正東西爛  價格壓低就好
老黃跟三星搞的這波現在還放到老任NS2裡去惹
阿婆麻
按阿婆晶片部門頭頭的個性
應該是會想做
因為可以找理由擴編
不過牙膏對阿婆而言94葛直接競爭對手
庫客想想賈伯斯的遺言應該就不太想惹
很尷尬der
這東西能不能成
底層關鍵還是在於z5有沒辦法壓者牙膏的人去跪舔客戶
老牙膏仔在業界hen神奇
中央八成就算被裁員還是覺得牙膏好棒棒
某小小多山的島上輪班奴跟那葛蘇媽都糞
然後牙膏仔出去換工作後到處被電
這種自尊自信自傲
跟GG就完全不一樣惹
以前我悶跟GG開會的時候
講惹啥不太好聽不太滿意的話
GG對口的團隊回去就要一頓粗飽惹
牙膏的人反而是先把責任往客戶那推
考量政治跟各種複雜的問題
對GG的風險4存在der
不過晶圓廠先進製程進入量率爛掉硬推這種局面
沒幾家有好下場的
當年的ibm gf 三星
劇情演進方式都有些相似性
哀
想到G叔
想到Z5醬
不勝唏噓
--",""
"[新聞] 美財長籲放寬監管 加速台積電在美建廠","7/27","https://www.ptt.cc/bbs/Stock/M.1753627832.A.950.html","25.0","","美財長籲放寬監管 加速台積電在美建廠
原文連結：
https://ec.ltn.com.tw/article/paper/1717695
發布時間：
2025/07/27 05:30
記者署名：
〔自由時報／編譯魏國金／綜合報導〕
原文內容：
美財長籲放寬監管 加速台積電在美建廠
2025/07/27 05:30
https://img.ltn.com.tw/Upload/business/page/800/2025/07/27/76.jpg
美國財政部長貝森特批評監管障礙拖慢台積電斥資四百億美元的亞利桑那州興建的大型晶
圓廠，可能只能生產七％美國所需的半導體。（路透檔案照）
〔編譯魏國金／綜合報導〕雅虎財經昨報導，美國財政部長貝森特警告，在過度監管與繁
文縟節的阻礙下，台積電斥資四百億美元在亞利桑那州興建的大型晶圓廠，可能只能生產
七％美國所需的半導體。
報導說，貝森特在《All In Podcast》節目中說，「台積電希望在亞利桑那州興建一座巨
型晶圓廠系統，但我認為，它也許只能生產最多七％美國所需的晶片」，他指出，「他們
正應付當地的建管人員」。
貝森特批評監管障礙拖慢這座四百億美元的晶圓廠區建設，他表示，「這些晶片廠行動太
迅速，你一變更計畫，就有人來說，『你說管子在那裡，但卻沒在那裡，我們要你停工』
」。
「在美國，我們讓建廠變得非常困難」
他補充，當他從一介公民轉變成公僕後，他經歷許多意想不到的事，其中之一就是「在美
國，我們讓建廠變得非常困難」。
報導說，此事的重要性在於台積電是全球最大晶圓代工廠，也是輝達、蘋果的關鍵供應商
，目前台積電正加速推動在亞利桑那州的擴展，該公司計畫其第二廠於二○二七年投入生
產，並預計先進的二奈米製程產能三十％最終來自亞利桑那廠。
貝森特說，環境法規已導致美國去工業化，因此要讓建設再度變得容易，就必須降低監管
障礙。他說，「最重要的事情就是讓建廠再度變得容易，排除阻礙，以及不要過度監管」
。
台積電董事長魏哲家今年一月中旬出席台大EMBA百川講座，以「如果沒有台積電」為題演
講，談及赴美設廠的挑戰。當時因蓋廠進度不符合原先預期，他說，「我們在亞利桑那州
，我一把鼻涕、一把眼淚，受盡各種訓練」。
心得/評論：
美國要求台積電（2330）去美國建廠生產晶片帶給台積電（2330）一點麻煩，
不過整體來講台積電（2330）未來應該克服那些問題繼續成長。
--
佛教
的
是
菩薩成佛之道
是
佛經
是
佛
是
菩薩
https://www.ptt.cc/bbs/soul/M.1523979060.A.68C.html
--","https://ec.ltn.com.tw/article/paper/1717695|https://img.ltn.com.tw/Upload/business/page/800/2025/07/27/76.jpg|https://www.ptt.cc/bbs/soul/M.1523979060.A.68C.html"
"[新聞] 國防概念全線起飛！500億無人機大單引爆","7/26","https://www.ptt.cc/bbs/Stock/M.1753528629.A.A08.html","38.0","","國防概念全線起飛！500億無人機大單引爆航太行情　軍工無人機族群飆漲
三立新聞  20250726
隨著美國對台關稅政策即將公布，市場預期台灣政府可能擴大國防預算支出，軍工、航太
與綠能類股因此成為資金追逐焦點。其中，攸泰科技（6928）在7月25日強勢攻上漲停，
帶動相關個股表現亮眼。
國防部軍備局宣布，未來兩年內將啟動一項規模高達500億元的軍用商規無人機採購案，
預計採購近5萬架，為無人機與國防軍工概念股注入強勁題材，也點燃整體軍工板塊買氣
。
觀察全球趨勢，法人分析指出，在俄烏戰爭、中東衝突與印太地區局勢緊張等因素推動下
，全球國防支出正不斷攀升，預估至2030年將持續增長，年複合成長率可望達到4.3%，為
台灣相關產業帶來長線利多。
在25日的盤面上，軍工概念股漲勢強勁。雷虎（8033）率先亮燈漲停，成交量高達5.9萬
張；攸泰科技大漲10%，收在56.1元；事欣科（4916）上漲2.95%，收報47.15元；寶一（
8222）漲破半根漲停，收51元；亞航（2630）上漲3.34%，收在38.70元；漢翔（2634）也
上揚2.48%，收在43.35元。
https://www.setn.com/News.aspx?NewsID=1693592&utm_campaign=viewallnews
心得/評論：
可是瑞凡
台灣理組連基本的汽車都做不好
真有人相信台灣能做無人機嗎
到時不要買中國零件回來貼牌啊
500億利多
無人機概念股先買一波?
--
英國老人在海關翻找護照，動作很慢找了很久，女海關尖酸的問：你來過法國？
英國老頭說：我只來過一次。女海關更尖酸的問：你來過怎麼不知道提前拿護照？
老頭：我上次來時沒檢查護照。
女海關高聲叫道：不可能！英國佬來法國我們永遠都要檢查護照！
老頭：44年登陸時候，海灘上可一個法國人沒見著...
旁邊德國老頭說：是的，這個我能證明，當時灘頭確實一個法國人都沒有...
--","https://www.setn.com/News.aspx?NewsID=1693592&utm_campaign=viewallnews"
"[新聞] 威剛買進「周杰倫概念股」巨星傳奇　擴大","7/26","https://www.ptt.cc/bbs/Stock/M.1753532464.A.B4C.html","27.0","","原文連結：
https://www.cna.com.tw/news/afe/202507250289.aspx
發布時間：2025/7/25 19:14
記者署名：張建中
原文內容：
威剛持續擴大娛樂事業布局，董事會今天決議買進由歌手周杰倫母親葉惠美參與創辦的巨
星傳奇，金額上限為2.1億港元，約新台幣7.84億元。
威剛董事會決議買進巨星傳奇800萬至1400萬股，每股價格9至17.5港元，總金額上限為
2.1億港元，約新台幣7.84億元，持股比重約0.93%至1.63%。
威剛董事會甫於今年6月決議韓國演藝經紀公司Galaxy約4000萬美元，折合新台幣約12億
元，持股比重將約5.05%；Galaxy旗下藝人包括歌手G-Dragon（權志龍）。威剛表示，投
資周杰倫概念股巨星傳奇是進一步擴大娛樂事業布局。
因應業務需要，威剛今年股東會完成公司章程修訂，新增營業項目，包括演藝活動業及一
般廣告服務業。
心得/評論：
之前才傳出周杰倫開抖音
周杰倫概念股巨星傳奇就飆漲
威剛不僅持有G-Dragon概念股
現在又買進周杰倫概念股
各位威剛的股東怎麼看?
--","https://www.cna.com.tw/news/afe/202507250289.aspx"
"[心得] 選擇權真的是非常適合賭徒的投資工具","7/26","https://www.ptt.cc/bbs/Stock/M.1753538303.A.B4B.html","69.0","","我承認自己就是個賭徒，
很愛賭又不敢去賭場，也不敢玩六合彩，
而且不喜歡跟別人社交，害怕接觸黑道，
只能選擇賭股市，
我從4月下旬開始接觸選擇權，
發現選擇權是非常公平的投資工具，贏錢的機率還滿高的，
以我自己的經驗，玩選擇權贏錢的機率超過一半，
之前投資了權證近28年，虧了420萬左右，
而我投資選擇權3個月又幾天已經獲利23萬多，
其實我投資選擇權的獲利集中在7月25日，
7月25日那天獲利16萬多，
我承認自己個性很固執，經常在虧錢後，還是會繼續凹單，導致自己愈虧愈多，
這是個性倔強不願認錯，是個性上非常大的缺餡，
但是玩選擇權，很快就可以決定輸贏，
可以避免虧錢繼續凹單，導致自己愈虧愈多的問題，
以我的經驗，最快在2分多鐘就可以贏10幾%，
如果買價格低於10的選擇權，甚至有機會贏100～300%，
我已經開始慢慢摸索到選擇權的精髓，
可以讓自己投資選擇權的勝率超過60%，
只要能夠贏多輸少，長期以來投資選擇權就是會賺錢，
如果比較保守，可以先作賣方，就是當莊家像房東一樣收房租，穩穩賺，
選擇權作賣方，勝率80%以上，只是獲利很有限，
如果做保守一點，只求穩穩地小賺，平均一次獲利0.5～2%，
像我一開始投資選擇權，因為不熟悉，
而且以前一直在輸錢，就只敢作賣方，
投資30～45萬，1個月就只能賺1萬多，
7月才開始逐漸掌握到投資選擇權的訣竅，
7月獲利21萬多，7月25日就獲利16萬多，
玩選擇權要賺錢一定要敢作買方，
但作買方一定要盯盤，而且心臟要夠大顆，
因為選擇權的價格變動非常大，
而且在極短的時間內可能賠90%或漲2～3倍，
如果要確保獲利，有獲利就必須在5～10分鐘內平倉，
因此作買方非得持續盯盤，完全不能離開，
要維持100%地關注股市指數的變動，
所以我一開始根本不敢作買方，
我是7月23日才開始作買方，
7月23至25日連續三天作買方，
前兩天只敢小試身手，7月25日賭很大，才能獲利16萬多，
但7月25日的那種機會不是時常有，
但一個月應該可以出現2～3次，
如果以後再出現那種機會，我還是會賭很大，拚獲利10萬以上，
結論就是選擇權是個非常公平的投資工具，
非常適合賭徒來玩，絕對有機會賺到錢，
又滿足追求刺激，超級適合很愛賭的賭徒來玩
--
認為選擇權作賣方風險很大的人，
應該是完全誤解了選擇權吧，
5～7月大盤與期貨指數都相對平穩，波動並不大，
大盤與期貨指數在90%的時間，都是呈現相對平穩，波動並不大，
作賣方，就是當莊家像房東一樣收房租，穩穩賺，
有大事發生時就不要做賣方就好，
4月初因關稅事件導致股市大跌，
川普老早在1月就任時就告知要課關稅，
而且在3月下旬就告知在4月初要宣布關稅稅率，
大可以在4月上旬時不要操作就好，
這次也是提早在7月中旬就宣布8月1日要課關稅，
只要在7月底不要操作就好，
只要不要在大事發生時作賣方，
大盤與期貨指數都相對平穩，波動並不大，
作賣方，就是當莊家像房東一樣收房租，穩穩賺，
千萬不要因為自己對選擇權的錯誤認知，
誤以為作賣方的風險很大，
作賣方的風險其實非常小，
只要作與現在的大盤與期貨指數相差800點以上的買權及賣權的賣方，
基本上是100%會獲利，
不要太貪心，作賣方，就是當莊家像房東一樣收房租，穩穩賺，
因此有較大資金的投資人，
如果有1000萬玩選擇權，
我建議作賣方，就是當莊家像房東一樣收房租，穩穩賺，
每個月輕鬆賺20萬，可以年收入240萬
誤以為選擇權作賣方的風險很大的人真的是不太懂選擇權，
作賣方不要押單邊，可以同時賣買權與賣權啊，
何況現在有週選擇權，每週的週三與週五各結算一次，
就一直強調作選擇權，要做短線，不要一直放，
可以避免虧錢繼續凹單，導致自己愈虧愈多的問題，
作賣方最長放2～3天就平倉，勝率絕對超過60%以上，
看錯的話幾個小時內就趕快平倉，是能虧多少？
看錯也可以做反向賺回來，腦筋靈活一點就不會大賠，
只要有大事即將發生就不要作賣方，就不會大虧，
作賣方唯一會大虧的可能就是發生921或311這種不可預期的大地震，
要不然作賣方，就是當莊家像房東一樣收房租，穩穩賺，
選擇權的時間價值在結算前流失得非常快，
保守一點就只作與現在的大盤與期貨指數相差800點以上的買權及賣權的賣方，
而且只作週選擇權，不要押單邊，最長放1天多就平倉，
作賣方基本上是100%會獲利，
1000萬作賣方選擇權，就是當莊家像房東一樣收房租，穩穩賺，
每個月輕鬆賺20萬，可以年收入240萬
以我這位賭徒的標準來看，
選擇權作賣方賭博的成份其實並不大，
作賣方就是大概略地分析大盤未來兩三天內的走勢，
作賣方就是當莊家像房東一樣收房租，穩穩賺，
作買方才是真正的賭博，但只能賭未來10分鐘內的大盤走勢，
因此最好在10分鐘內就平倉，最長頂多放30分鐘，
不喜歡、討厭、害怕賭博的人就不要碰選擇權就好，
我開宗明義地承認就是一位賭徒，
我從來不作投資，就只愛賭博，
選擇權是一個非常公平的賭局，
超級適合喜歡追求刺激、很愛賭的賭徒來玩",""
"Re: [心得] 正二真的適合長期嗎?","7/26","https://www.ptt.cc/bbs/Stock/M.1753541512.A.DC9.html","23.0","","https://www.ptt.cc/bbs/Stock/M.1753506456.A.BE2.html
手機排版請見諒
先說答案 對你不適合 不建議長投正二
先來個資格證明
https://i.imgur.com/IFLtBcR.png
這是我找得到最久的持股
事實上00631L在2014年發行 我2015年底就開始定期定額了
我有在再平衡 所以前面有些出掉了
說個事實 這一年正二的績效確實比原型差
不過長期投資不就是這樣 原型有些年也是報酬率負的
你能因為這樣就說買大盤不適合長期投資 不如定存嗎？
但我投資正二的目的是為了槓桿
（參見生命週期投資法）
很長一段時間 我台股30%的比重全部都是買正二
其他國家的槓桿etf成本沒00631l這麼低
所以我國外的部位反而是原型佔多數
最多人詬病的波動損耗 我覺得不能怪正二
因為凡是你定期去維持一個大於一倍的固定槓桿比例 你就會有波動損耗
不管你是用槓桿etf 期貨無限轉倉 質押等等方法 都一樣有波動耗損
也不管你再平衡週期是一週 一個月 一季 一年或三年
自己數學導一導就知道了
只有像房貸那種貸了固定慢慢還 不因為漲跌而去再平衡回到固定槓桿比例的 才不會有波動
耗損
所以我完全不覺得波動損耗是正二的問題
事實上 個人認為正二etf最大的缺點 是管理費
如果你願意常常去管理期貨保證金 其實你可以用無限轉倉大法更好
不過我就是懶 只能乖乖繳管理費 這樣
然後回到開槓桿的問題
我個人其實不太認同正二教的一半正二一半現金的做法 感覺是放屁脫褲子 不過也沒什麼大
缺點就是了
我買正二純粹就是為了開槓桿 而且方便
現金我只留2%而已（等於我的緊急預備金）
然後開槓桿就是... 心理素質的問題了
這個就不討論 看人的
沒遇過大跌你也不知道你是不是真的承受得了
所以信心不足的人 我一律不建議開槓桿
所以也就不建議長期投資正二
--","https://www.ptt.cc/bbs/Stock/M.1753506456.A.BE2.html|https://i.imgur.com/IFLtBcR.png"
"[情報] 日本的5500億鎂，可能要投資美積電","7/27","https://www.ptt.cc/bbs/Stock/M.1753550549.A.F66.html","62.0","","Japan says $550 billion package in trade deal could finance Taiwanese
chipmaker in US
日本說5500億鎂的降關稅投資包，可投資在美國的台灣晶片廠
來源：路透社
網址：
https://finance.yahoo.com/news/japan-says-550-billion-package-152633132.html
內文：
日本的對美關稅談判，首席代表赤澤亮正
週六表示: 5500億鎂的對美投資
可用來投資正在美國建廠的一家台灣晶片廠
赤澤對NHK說，日本和美國，以及其他意願相仿的國家
要一起打造經濟安全的供應鏈
可以投資在使用日本元件，或生產日本所需產品的一家台灣晶片廠
日本將利用其國有的「日本國際協力銀行」(JBIC) 與
「日本貿易保險」(NEXI) 來進行這些投資。
近期的一項法律修訂，已讓JBIC得以對被視為攸關日本供應鏈的外國公司提供融資。
----------------------------------------
這報導看起來還只是構想階段吧
要密切注意後續演變，可能是TSMC雙贏...贏兩次
又或是美積電的股權，莫名被日本盤走
只能說真高招，投資GG是世界公認最佳標的
--","https://finance.yahoo.com/news/japan-says-550-billion-package-152633132.html"
"[新聞] 川普出手:泰柬同意停火 不停火就課36%關稅","7/27","https://www.ptt.cc/bbs/Stock/M.1753557260.A.6B9.html","100.0","","-------------------------------發文提醒----------------------------------
1.發文前請先詳閱[新聞]分類發文規範，未依規範發文將受處份。
2.連結過長請善用縮網址服務，連結不能點擊者板規1-2-2處份。
3.心得/評論請盡量充實，心得過短或濫竽充數將以板規 1-2-3、4-4 水桶處份。
4.發文請依照格式文章標明段落，不符合格式者依4-1刪文處分。
------------------------ 按ctrl+y
以上內容。 ----------------------
川普出手：泰柬同意停火 不停火就課36%關稅
原文連結：
https://www.ettoday.net/news/20250727/3003803.htm
發布時間：
2025年07月27日 02:39
記者署名：
董美琪
原文內容：
快訊／川普出手：泰柬同意停火 不停火就課36%關稅
ETTODAY
2025年07月27日 02:39
https://cdn2.ettoday.net/images/8324/d8324204.jpg
▲美國對泰國及柬埔寨徵收關稅都是36%，美國總統川普說，若雙方持續交火，就不願與
任何一方達成協議。（圖／達志影像／美聯社）
記者董美琪／綜合報導
泰國與柬埔寨邊境近日爆發激烈衝突，美國總統川普今日表示，已與兩國領袖通話協調，
雙方已同意儘速會晤並推動停火機制。川普強調，華府正在與兩國洽談貿易事宜，盼和平
重回談判桌。
根據外媒報導，泰柬邊界長年糾紛於24日升高至激烈武裝衝突，雙方出動戰機、重砲、裝
甲部隊與地面軍力交火，造成至少33人喪命，數十人受傷，為近年來死傷最慘重的一次交
戰。
川普稍早透過自創社群平台「Truth Social」連發多則貼文表示，剛剛與柬埔寨總理柬埔
寨總理洪馬內（Hun Manet）及泰國代理總理普譚（Phumtham Wechayachai）通話，明確
要求雙方立即停止軍事行動，結束這場正在激烈進行的戰爭。
「巧合的是，我們目前正與這兩個國家進行貿易談判，但我已明確告訴他們——只要他們
還在交戰，美國就不願與任何一方達成協議！」川普強調，泰柬兩方皆表達希望儘速停火
、恢復和平，並重返貿易磋商。美方立場則為，在戰事未終止之前，進一步談判並不合時
宜。
目前正在蘇格蘭訪問的川普透露，透過多次通話與協調後，雙方已承諾展開對話、加速停
火進程。他補充道，「我期待能儘早完成與兩國的貿易協議。」
外界關注的美國對等關稅暫緩期將於8月1日到期，各國近期正加緊與美方談判，以降低潛
在衝擊。據悉，川普已向泰國與柬埔寨分別發出關稅通知信函，預告8月起將對兩國輸美
產品課徵高達36%的關稅。
https://www.ettoday.net/news/20250727/3003803.htm
心得/評論：
傻眼貓咪，這是哪招？關稅還可以這樣用的哦？
柬埔寨就已經被你課高關稅了，他哪會怕你
泰國殺紅眼了，也哪會理你？
這樣就縮的話，他們也無法對自己國民交代了
川普還是省省吧，換個方式吧
--","https://www.ettoday.net/news/20250727/3003803.htm|https://cdn2.ettoday.net/images/8324/d8324204.jpg|https://www.ettoday.net/news/20250727/3003803.htm"
"Re: [心得] 選擇權真的是非常適合賭徒的投資工具","7/27","https://www.ptt.cc/bbs/Stock/M.1753575259.A.16F.html","25.0","","是這樣的
其實內文我沒很認真看
但原PO有個誤導人的觀念
必須澄清一下
原po舉例說賣方拿1000萬
可以穩定月收20萬 年收240萬
這是個嚴重錯誤的觀念
本金1000萬 要做到每月20萬
也就是每月2%權利金
這大概是SPY 或大盤指數delta=0.5的價格
而delta=0.5 在統計學上勝率約月高於54%而已
所以每月期望收入是20萬*.54
大約是10.8萬
但這每月10.8萬也不是免費房租
1.就是你承擔大盤下跌10%
你的槓桿率會提升到超過1.9倍
如果你1000萬本金放著不動
那確實收益風險比可能比大盤好一些
但如果你1000萬歐印0050
股災時你的跌幅會跟正2差不多
2. 你放棄大盤單月大漲的所有機會
只要大盤當月漲超過2%
基本上你就跑輸大盤
如果大盤這個月漲超2%
下個月跌超2%
也就是說暴漲暴跌
你當賣方就是一直來回被割
你的報酬率會遠遠落後大盤
簡單說就是
天下沒有白吃的午餐
理論上期權賣方佔有edge 優勢
但是現實世界總是比你想的殘酷
如果不懂上面敘述內容
強烈建議不要亂當選擇權賣方
--",""
"[新聞] 美國賺到盆滿缽滿！川普考慮發「關稅紅包","7/27","https://www.ptt.cc/bbs/Stock/M.1753580979.A.F7F.html","69.0","","原文連結：
https://www.ettoday.net/news/20250726/3003517.htm
發布時間：2025年07月26日 15:16
記者署名：羅翊宬
原文內容：
美國總統川普表示，考慮將徵收關稅所得的一部分，以退稅形式發還給特定收入族群的美
國民眾。此構想旨在緩解因關稅導致的物價上漲壓力，並可能兼具刺激經濟與政治宣示雙
重效果。不過，專家與立法機構指出，若要推行此類「關稅退稅」，恐需國會通過新法案
，且可能進一步推升通膨與財政赤字壓力，引發諸多爭議。
根據美媒《財星》（Fortune），川普日前在白宮受訪時表示，雖然目標是減少國債，但
不排除發放退稅支票，不過他並未明確說明收入門檻或退稅金額，「我們收到了非常多的
錢，我們正在考慮給某些收入階層的民眾一點小小的退稅。」
美國財政部數據指出，光是2025年上半年，美國政府便因關稅進帳超過1000億美元。美國
財政部長貝森特（Scott Bessent）估計，全年關稅收入可望達到3000億美元。
川普的構想，被認為是對過去數個月以來關稅引發消費者物價壓力的回應。沃爾瑪、福特
汽車等部分美國企業，雖一度自行吸收進口成本，但近來已有跡象顯示，關稅成本開始反
映在消費價格中。
然而，政策推行的合法性與可行性備受質疑。依照美國憲法，關稅與財政支出權屬於國會
所有，若要將關稅收入以退稅形式發給民眾，勢必需要透過國會立法授權。華府智庫稅務
基金會（Tax Foundation）資深經濟學者杜蘭特（Alex Durante）表示，「雖然這事可能
性不大，但對這屆政府，我不會排除任何可能。」
根據美媒《CBS News》、《CNBC》，美國國會於7月4日才通過川普政府提出的《大而美法
案》（One Big Beautiful Bill Act），其中涵蓋大規模減稅與支出方案，估計未來10年
將增加3.4兆美元赤字，卻未納入任何關稅退稅條文。專家警告，若再推行退稅，恐加劇
財政壓力。
都會研究所資深研究員羅森伯格（Joseph Rosenberg）認為，若將退稅用來彌補關稅對家
庭支出的影響，其性質將與疫情時代為因應失業而發放補助不同，更重要的是，這種退稅
行為恐更進一步加劇通膨。他強調，「人們會花掉這筆錢，這會進一步推高物價，擴大通
膨效應。」
儘管川普的退稅構想尚無具體細節與立法時程，已有共和黨參議員霍利（Josh Hawley）
表態支持類似構想。不過，專家與部分政策觀察人士普遍認為，與其發放支票，應優先將
關稅收入用於償還國債，以免重演疫情時代大規模財政刺激導致的通膨風暴。
心得/評論：
美國從世界各國搶來的錢，不先償還龐大的國債，
而要把這些不義之財，當作紅包發給美國人
有錢不還，先拿來享受，標準的美國人
00687B 已經躺平，估計盤整之後又要再往下跌了
--","https://www.ettoday.net/news/20250726/3003517.htm"
"[新聞] 罷免落幕 台股釀補漲行情","7/27","https://www.ptt.cc/bbs/Stock/M.1753582165.A.4F3.html","100.0","","罷免落幕 台股釀補漲行情
原文連結：
https://tinyurl.com/22gfuaty
發布時間：
2025年7月27日 週日 上午4:10
記者署名：
陳昱光、巫其倫／台北報導
原文內容：
大罷免投票結果26日出爐，24席藍營立委全數未通過罷免。
，
能否激起新一波多頭氣勢。
反罷免方大成功的結果，對匯市為主的金融市場影響也受關注。
匯銀人士說，經濟及金融面影響，主要來自於市場預期心理，
此次罷免非全國性投票，因此結果為何衝擊不會過大，
但
，
透過動態穩匯措施，保持匯市平穩，預估周一新台幣開盤維持偏貶區間整理格局，
至於後續影響，仍以關稅談判結果為主。
台股近一周量縮觀望，除了反應台灣關稅稅率遲遲未定之外，
大罷免26日投票也成為本土資金關注焦點，
帶動新一波的
行情。
但法人也提醒，由於反霸免方取得絕對勝利，對於執政黨信心將受考驗，
加上盤面已出現資金進場押寶政策概念股的跡象，
分析，在大罷免投票結束後，
美台對等關稅稅率揭曉將是市場重頭戲，為影響台股走勢關鍵。
觀察台股盤面結構，非金電補漲加入良性輪動格局，
就產業角度而言，群益投顧研究部副總裁曾炎裕看好泛AI題材、AI機器人、大型傳產股等
題材，具備表現機會，趨勢上以強勢股進入震盪整理 補漲股展開資金行情為主。
匯市部分，匯銀人士說，朝小野大的基調未變，對市場影響淡化，
央行近期緊盯匯市穩定性，若波動加劇都進場維穩，
新台幣周一開盤應會維持區間偏貶格局，
，整體匯市交投偏清淡。
中央大學經濟系教授邱俊榮認為，無論罷免結果如何，對於股匯市影響較小，
非全國性投票活動也不至造成兩岸緊張，後續仍以關稅議題影響最關鍵。
心得/評論：
政治紛擾結束 明天台股有望信心回穩資金補漲行情啟動 穩了!?
但再後面就還是得等關稅開獎  相信大家心情有點兒緊張吧
不過法人跟投資專家倒沒講到政治紛擾對關稅談判的影響
撇除補漲行情存不存在
國防綠能等政策題材股是不是先準備要來個補跌行情了
--","https://tinyurl.com/22gfuaty"
"[新聞] 美財部現接受Venmo PayPal抖內來減少國債","7/26","https://www.ptt.cc/bbs/Stock/M.1753502823.A.E1F.html","55.0","","Want to help with America's $36 trillion debt? Treasury Department now takes
PayPal and Venmo donations
原文連結：
https://tinyurl.com/3nb776am
發布時間：July 25, 2025 8:35pm EDT
記者署名：Brie Stimson
原文內容：
如果有意願，美國民眾現在可以透過Venmo和PayPal捐款來減少國債。
美國財政部這項鮮為人知的計畫其實已存在數十年，
。
本週三，NPR記者Jack Corbett在X平台發文展示這些21世紀的支付選項，隨即引發熱議。
「你現在可以用Venmo轉帳給美國政府，幫忙償還國債，」Corbett寫道。
捐款人可至Pay.gov網站，
。
然而，即使是慷慨的捐款也難以撼動整體債務規模。根據Axios報導，自1996年以來的
。
根據財政部最新數據，美國總債務截至上週五為36兆7,215億美元，比前
。
四十年前，美國的國債僅為9070億美元。
美國債務前景持續惡化，愈來愈多經濟學家警告國會和白宮揮霍無度所造成的風險。
這一點在川普總統最近推動的《一個偉大美麗的法案》（One Big Beautiful Bill Act）
通過後變得更加明顯。根據無黨派的國會預算辦公室（CBO）估計，這項法案將在未來十
年額外增加3.4兆美元的財政赤字。不過，川普團隊認為，關稅收入與經濟成長加快將能
抵消這些債務增幅。
根據Axios估算，
。
目前尚不清楚Venmo與PayPal何時加入Pay.gov，福斯商業新聞已向財政部查證此事。
心得/評論：
https://www.pay.gov/public/form/start/23779454
https://i.urusai.cc/8EvRa.JPG
1. 債務規模前所未有
債務總額已突破36.7兆美元，遠高於美國GDP（約28兆美元），債務占GDP比率超過130%，
在歷史上僅見於戰爭時期。
2. 利息負擔快速上升
美國2024年聯邦政府利息支出已超過1兆美元，成為僅次於國防與社保的最大支出項目。
若利率長期維持高檔（如5%），利息支出將逐年吞噬預算。
3. 赤字結構性難解
問題不在短期開支，而是社保、健保、國防等結構性支出持續增長，國會無改革共識。
即使經濟成長，若無控制開支與稅制改革，債務仍會繼續失控。
4. 政治共識困境
無論川普或拜登，近年都傾向擴張性財政政策（減稅、撒錢、基建補貼），政客難以推動
「不討喜」的財政緊縮。
。
5. 潛在危機風險
雖短期不致債務違約（美國仍具印鈔權），但長期可能導致：
投資人對美債信心下降 → 提高借貸成本
通膨壓力上升
信評機構再次調降美國主權評級
美元霸權地位動搖
--","https://tinyurl.com/3nb776am|https://www.pay.gov/public/form/start/23779454|https://i.urusai.cc/8EvRa.JPG"
"[心得] 正二真的適合長期嗎?","7/26","https://www.ptt.cc/bbs/Stock/M.1753506456.A.BE2.html","78.0","","之前無聊就想說看買正二與質押兩者哪個更適合我，
結果買了一年實測正二
我的實測
去年 7 月我買了 00685L 1,000 股，成本 97.1 元，
到了今年 7 月用 85.1 元賣出，
虧了大約 12,233 元，算下來是 -12.59%。
同期我觀察 0050（元大台灣 50 ETF），一年內從 48.35 漲到 51.46，不但回本還創新高。同樣的時間，
正二虧12%，0050 卻賺一成，結果一目了然。
兩者這樣的損耗差距真的值得長投嗎?
我個人應該槓桿不會在選擇正二，寧願質押或是透過期貨績效磨損都來的更好。
有真的長期正二派，可以分享寧願磨損的想法嗎?
一年兩者差距快2成。
--
一年差距兩成，我想有更多更好的槓桿工具。
再組合的不確性真的太大，質押跟期貨舒服很多",""
"[心得] 正三真的適合長期嗎","7/26","https://www.ptt.cc/bbs/Stock/M.1753510017.A.F9C.html","57.0","","如題，正三真的適合長期嗎??
在4月川普大禮包中，買了差不多100萬美金的TQQQ
到現在7月底了，大概賺100%
不知道適不適合長期持有？？
https://i.imgur.com/hiG0u7V.jpeg
附上人權
因為這過程實在好無聊
躺著就一直漲…
是不是太安逸了？
大家都說：
一、會耗損
二、還有回本的比例
例如腰斬50%要漲100%才能回來
我是不是買了一張無法下車的車票？
這過程中大家都說要看關稅確定才買
也說要停利、停損、分批
可是我夢到…停損、停利、分批
只要學會任何一個
從此將與致富無緣
有停損、有停利
有分批、有點位
有支撐、有壓力
這通常就是老師教課的內容
但我上面一個都沒有概念
實在不確定正三能不能長期持有
各位怎麼看呢？
-----
Sent from JPTT on my iPhone
--","https://i.imgur.com/hiG0u7V.jpeg"
"[新聞] 祭改無效？台積電嘉科廠再爆翻車事故","7/26","https://www.ptt.cc/bbs/Stock/M.1753520632.A.CD4.html","37.0","","祭改無效？台積電嘉科廠再爆翻車事故
工程人員憂心忡忡
原文連結：
https://ec.ltn.com.tw/article/breakingnews/5121724
發布時間：
2025/07/26 16:07
記者署名：
記者蔡宗勳／嘉義報導
原文內容：
台積電嘉義科學園區新建CoWoS先進封測廠，
這已是AP7廠房
由於事故頻傳，廠方本月21日曾找乩童到工地做法，
據了解，祖靈要求蓋「萬善同歸」小廟奉祀，並插黑令旗為證。
讓工程人員議論紛紛。
台積電嘉科廠工安事件層出不窮，
廠區充滿不安情緒，7月17日特別迎請地藏王、土地公到工地坐鎮，祈求工程平安。
本月20日一輛重約50噸板車作業時翻車，廠方隔天安排乩童到工地做法。
據了解，頭綁紅巾的乩童起乩時，
，
並插下黑令旗，要求廠方信守承諾，
幸好皆未造成人員傷亡，
有人說「有拜有保庇」，也有人認為「警告意味濃厚」，
廠區瀰漫不安氣氛。
心得/評論：
台積電嘉義廠今天出現第六起事故
屢次翻車出事會不會暗示什麼呢
是不適合在這邊建廠 還是拜拜作法禮數不夠周到呢
再這樣下去相信股東們會對台積電感到很不安的吧
--","https://ec.ltn.com.tw/article/breakingnews/5121724"
"[新聞] 投票日「關稅仍受關注」卓榮泰：持續談判","7/26","https://www.ptt.cc/bbs/Stock/M.1753521254.A.97D.html","82.0","","-------------------------------發文提醒----------------------------------
1.發文前請先詳閱[新聞]分類發文規範，未依規範發文將受處份。
2.連結過長請善用縮網址服務，連結不能點擊者板規1-2-2處份。
3.心得/評論請盡量充實，心得過短或濫竽充數將以板規 1-2-3、4-4 水桶處份。
4.發文請依照格式文章標明段落，不符合格式者依4-1刪文處分。
------------------------ 按ctrl+y
以上內容。 ----------------------
投票日「關稅仍受關注」卓榮泰：持續談判中
原文連結：
https://news.cts.com.tw/cts/politics/202507/202507262495873.html
發布時間：
2025/07/26 15:08
記者署名：
原文內容：
投票日「關稅仍受關注」卓榮泰：持續談判中
華視新聞網
2025/07/26 15:08
綜合報導  / 台北市
行政院長卓榮泰同樣也早起投票，內湖的三民國中，穿襯衫排在人群裡面，行政院長卓榮
泰，週六早起投票，心情看起來相當不錯，不過大家仍然聚焦在，台美關稅的進度，卓榮
泰也作出說明。行政院長卓榮泰說：「很可惜的鄭麗君副院長，今天沒有辦法回來投她這
一票，不過她所做的努力，也會對國家有非常大的貢獻跟影響，我們都全力當她的後盾，
支援她所有的行政跟必要的談判工作。」
https://news.cts.com.tw/cts/politics/202507/202507262495873.html
心得/評論：
僅列出關稅的部分，8/1就剩下四天了
台灣會不會在那一波10-15%關稅之間
還是可能對半導體課特別的稅率
依然令人關注
希望週一前能有一個好的結果
趕緊談判完吧
--","https://news.cts.com.tw/cts/politics/202507/202507262495873.html|https://news.cts.com.tw/cts/politics/202507/202507262495873.html"
"Re: [心得] 正二真的適合長期嗎?","7/26","https://www.ptt.cc/bbs/Stock/M.1753521906.A.197.html","47.0","","https://i.imgur.com/S6tfqId.jpeg
https://i.imgur.com/TuRDGGo.jpeg
從2022年9月開始買入正2，我想我很幸運的是買入的時間點是熊市年，接下來遇到2023年
AI爆發，一路漲到2024年7月，接下來遇到兩次崩跌，2024年7月跟2025年4月，價格也回
不去去年的高點，但我趁這兩次崩跌也買進了一些正2，現在三個多月也賺了70-85%。
正2適不適合長期？
你說你持有一年的時間，那買進時間回推也差不多是正2史上最高價位的時候，或許你會
說你很不幸運（？） 但我會說這是上天給你的禮物
剛買進接下來馬上遇到兩次的崩跌，你要正2給出正報酬確實困難，但是，跌的越多，漲
的越多，
https://i.imgur.com/7k7Uwu2.jpeg
下跌50%，漲回原點就是賺了100%，2年內漲回原點，年化報酬也有41%，如果你有把握住
崩盤時的機會，或許你對正2會有不一樣的評價。
我不曉得你的年紀，如果你年輕，一開始遇到大漲，讓你賺了200%，但我看了你也才買1
張而已，能夠賺多少？
算你買在高點282，200%也才賺了56萬，本小利大利不大，不如你一開始遇到大跌，趁機
累進張數，將來爆發才有更大的賺頭。
再來就是要有一定的認知，認知到正2這檔ETF ，崩盤時跌幅五成以上是基本，如果不能
接受這樣的「過程」，那就買其他會讓你安心的標的，能夠讓你抱得住的標的就是好標的
。
正2是槓桿型ETF，你需要控制好自己的曝險，你買了28萬的正2，相當於買了56萬的0050
（0050只有台灣前50大公司，不如正2涵蓋更廣，在此只是簡單比喻）假設你要賣掉正2轉
換成0050，你要買到56萬的0050才能夠有相同的曝險，手上的現金變得更少了，萬一你臨
時需要用錢呢？是不是又得賣股票籌錢？
只有一張正2，我還是建議放著，有餘力可以慢慢買進，尤其是趁大跌的時候，勇敢買進
，漲回來只會比原型ETF 更猛。
上次發文已經是三年前了，回頭看自己的文章真的很感慨，2022年8月還在猶豫要不要買
房，2022年9月看到大仁哥的文章，當時對我實在是當頭棒喝，不誇張，我在電腦前花了
兩天把大仁哥的文章讀完，邊看邊哭，我老婆還問我怎麼了XD，因為他打破我過去的認知
，我發覺當時我過去7年的投資實在是錯過太多，非常懊悔，另一方面他給了我全新的知
識與認知，讓我了解到適度的槓桿可以提升自己投資的安全性，讓我更有餘裕可以保持相
同曝險的情況下，可以挪一些資金投資其他標的。
不知道你的年紀，但如果你很年輕，建議可以看得更長，你只是剛好遇到兩次的大跌，把
握住大跌的機會跟適時的再平衡，槓桿會是一個好工具。
--
修正的時候買進，平常就抱著，漲多再部分賣出再平衡
4月崩跌時，我賠了700萬，供您參考
在此之前從來沒賣過，但我從7月初開始賣一些了，畢竟經歷過700萬的教訓，還是要適時
的再平衡","https://i.imgur.com/S6tfqId.jpeg|https://i.imgur.com/TuRDGGo.jpeg|https://i.imgur.com/7k7Uwu2.jpeg"
"[新聞] 飯店備品一包680元！國旅人次創新高「住2","7/25","https://www.ptt.cc/bbs/Stock/M.1753448097.A.358.html","99.0","","原文連結：
https://www.ettoday.net/news/20250725/3003224.htm?from=ettoday_app
發布時間：2025-07-25 20:39:00
記者署名：記者鄒鎮宇／綜合報導
原文內容：國旅狀態改變？交通部觀光署昨報告，去年國人國內旅遊共2.22億次，較前一年成長7%，另有立委補充住宿僅26%。此外，消基會針對飯店備品進行調查，發現高雄一間飯店的配品竟要680元，引起民眾討論。
消基會表示，環境部的規定，觀光旅宿業者不得提供容量小於180毫升的洗髮乳、潤髮乳、沐浴乳及乳液等產品，並禁止在營業場所（房間內）陳列梳子、牙刷、牙膏、刮鬍刀、刮鬍泡及浴帽等備品。違規者將根據「廢棄物清理法」第51條第3項規定，面臨新台幣1200至6000元的罰款。
為了瞭解國內飯店旅宿業者的環保措施，消基會於1月20～23日以電話方式訪問觀光署核可的合法旅宿業者，包括：卓越五星、五星級、四星級、三星級、二星級、一星級等172家觀光飯店入住時是否提供備品？該備品是免費提供、索取即送、付費購買或不提供，消費者須外出購買？後再於實施5個月後的6月10～12日間抽查部分旅宿業者的備品供應政策是否有改變，發現並無大的變動。
調查結果顯示：
1.主動提供：有2家飯店在入住時仍然實質性主動提供牙刷等備品；佔比約1％。
2.索取免費提供：37家飯店在客人入住時，若未攜帶牙刷等備品，可至櫃台索取，佔比約4％，例如：台南大員皇冠假日酒店、台北君品大酒店、台南遠東香格里拉、日暉國際渡假村、維多麗亞酒店、耐斯王子大飯店、寒軒國際大飯店、遠雄悅來大飯店、漢來大飯店、台北遠東香格里拉、大地酒店、晶華酒店、台北君悅酒店、福華大飯店、老爺大酒店、和逸飯店桃園青埔館、雅霖大飯店、新竹福華大飯店、梅園樓觀景飯店、河堤國際商旅、豐家大飯店、豐谷賓館、挪威森林森森休閒旅館、挪威森林頂級汽車旅館、黃金海岸商務旅舘、安禾嚼旅、南科贊美酒店、正一經典汽車뀊荌ｨ]、花蓮力麗華美達安可酒店、家和商旅、嘉義觀止飯店、雲都商務飯店、都會商旅七賢館、帝后大飯店、孟宗山莊大飯店、富堡汽車旅館、鴻瑞輕旅-中華館等37家旅宿業者（部分業者提供至取用完畢後再討論企業政策或額外多取需付費等；請詳見調查表格）。
3.條件式提供：5家飯店設定條件提供備品，如新加入會員、按人數或數量索取等；佔比約8％。
4.公益模式：3家飯店走公益路線，索取備品時需在公益捐款箱內投錢，以支持公益；佔比約7％。
5.付費購買：102家飯店需付費購買備品，其中販售價格最貴的是高雄洲際酒店的680元/套；以付費購買備品的旅宿業者佔比為3％。
6.不提供：24家飯店則全不提供，需消費者自行外出購買，佔比約14％。
這些結果顯示，台灣的旅宿業者在環保政策實施後，對於備品的提供方式多樣化，有21.4％（37家）的旅宿業者響應政府環保政策，不主動提供備品，但若消費者忘記攜帶，仍會貼心的提供櫃臺取用政策；有58.3％（101家）的旅宿業者則需付費購買備品，甚至最貴者高達680元，收費之高，可能影響消費者的質疑與滿意度。
網友看完紛紛留言，「日本的飯店一次性的洗刷用品也沒有在房間提供，但是集中放在飯店大廳供需要的住客免費取用，台灣業者可以學習一下」、「沒有提供備品，住宿費也沒比較便宜」、「到底是一日遊成為主流，還是這些業者吃相難看，逼著大家只能一日遊」、「日本 和其他觀光大國沒收了，台灣旅宿房價還誇張的高，是憑哪一點收費阿，連東南亞都做得比台灣好」、「只有國旅才能超越國旅」。
心得/評論：
明明統計的數據 國旅人次創新高
但飯店就是沒人住
台灣的飯店到底是怎麼了？雖然台灣小小的 但國旅人數創新高飯店還是會有人住吧
飯店股跟國旅股還能綁在一起看嗎？
-----
Sent from JPTT on my iPhone
--","https://www.ettoday.net/news/20250725/3003224.htm?from=ettoday_app"
"[新聞] 金融時報：中國黑市交易輝達B200晶片　如","7/25","https://www.ptt.cc/bbs/Stock/M.1753450286.A.67D.html","29.0","","金融時報：中國黑市交易輝達B200晶片　如「海鮮市場」貨源充足
https://www.cna.com.tw/news/aopl/202507250021.aspx
2025/7/25 08:42（7/25 09:20 更新）
中央社記者鍾佑貞華盛頓23日專電
英國媒體指出，中國黑市交易被管制的輝達晶片風氣盛，一位經銷商甚至形容如「海鮮市場
」，不缺貨源。美國聯邦眾議院美中戰略競爭特別委員會今天在社群轉貼報導連結，呼籲絕
不能讓北京利用美國晶片急速增加軍事實力。
英國「金融時報」（Financial Times）今天報導，美國收緊晶片出口管制後的3個月內，價
值至少10億美元（約新台幣293億元）的輝達（NVIDIA）先進人工智慧晶片仍流入中國，凸顯
美國遏制北京高科技野心方面存在侷限。
金融時報分析數十份銷售合約、公司文件以及多名第一手了解這些交易的人士資訊，結果顯
示，美國禁止銷往中國的輝達B200晶片，卻在中國猖獗的半導體黑市中，成為最搶手、最容
易買到的晶片。
OpenAI、Google及Meta等美國科技巨頭大規模使用B200晶片來訓練最新AI系統。根據金融時
報查閱的文件，今年5月，多家中國經銷商開始向中國資料中心供應商賣B200晶片。
了解相關規定的律師稱，在中國，接收和賣出被管制的輝達晶片是合法的。不過，對中國銷
售及運輸這些晶片已違反美國法規。
輝達長期堅稱「沒有證據表明任何AI人工智慧晶片遭轉運」，並對「金融時報」說，使用走
私產品打造資料中心，不管從技術或財務的角度來看效果都很差，因為輝達只對授權產品提
供服務和支援。
根據「金融時報」取得的文件，一家總部位於安徽的「時代之門」公司，是B200晶片的最大
銷售商之一。「時代之門」今年2月成立，當時市場盛傳川普將停止向中國銷售H20晶片。
H20是輝達為中國市場量身設計的降規版AI晶片，目的是為符合美國出口管制規範。不過，美
國政府今年4月將這款晶片也納入出口管制範圍，要求輝達在未獲得許可情況下，不得對中國
銷售H20，直至上週川普政府才放行。
「金融時報」指出，這些晶片以預先組裝的機櫃形式出售，每個機櫃含8個B200晶片以及其他
可直接接入資料中心的零件及軟體。這樣的機櫃約一個大行李箱大小，連同包裝重約150公斤
。
目前每台機櫃的市場價格約300萬元至350萬元人民幣（約新台幣1437萬元）之間，低於5月中
旬首次在中國大量上市時的400多萬元。目前的價格比美國同類產品的平均售價高約50%。
知情人士透露，自5月中旬以來，「時代之門」至少收到了兩批B200機櫃，每批數百個。他們
將這些產品直接或間接出售給資料中心供應商及其他公司。據估計，「時代之門」及其相關
公司已售出價值近4億美元的這類產品。
「出口管制並不能阻止最先進的輝達產品進入中國」。一位中國資料中心營運商指出，管制
只會帶來低效率，並為甘冒風險的中間商賺取巨額利潤。
一些中國經銷商甚至在社群媒體上公然推銷美超微（Supermicro）B200機櫃之類的產品，並
附上帶有美超微標識的包裝照片，但目前尚未核實這些產品是否已經售出。
根據知情人士及網路影片，為了展示這類機櫃「即插即用」的特性，一些經銷商會為買家提
供測試服務。交易通常當場進行，買家驗貨後提貨。
此外，在社群媒體上，數百家貿易商及資料中心供應商會拉群組來撮合供需。
除了B200之外，其他多款受管制的輝達晶片，例如H200、H100和5090，也在抖音和小紅書等
中國社群媒體平台上公開宣傳。「金融時報」看到的包裝、安裝照片及影片顯示，美超微 、
戴爾（Dell）和華碩（ASUS）等公司的產品標誌，但沒有跡象顯示這些公司知情這類宣傳或
產品被銷往中國。
3家公司都表示，嚴格遵守所有法律法規，並對不遵守規定的合作夥伴採取行動。
業內專家指出，東南亞國家如今已成為中國企業取得管制晶片的市場。兩位知情人士透露，
美國商務部正在討論最早9月起對泰國等國家實施更多針對先進AI產品的出口管制，防止中國
透過第3地取得晶片。
美國商務部拒絕置評，泰國政府則未回應。
聯邦眾議院「美國與中國共產黨戰略競爭特別委員會」（House Select Committee on the
Chinese Communist Party）今天對這則報導推文表示，中共正急速打造能主宰印太區域的軍
隊，而他們取得的每一顆晶片，都在加速這個進程，絕不能讓中國利用美國晶片來建構獨裁
主義武器庫。（編輯：陳慧萍）
—————
「管制只會帶來低效率，並為甘冒風險的中間商賺取巨額利潤」，有道是殺頭生意有人做，
管制愈多、暴利愈高，川普以為全世界都會傻傻聽話辦事？
--","https://www.cna.com.tw/news/aopl/202507250021.aspx"
"[新聞] 美股空頭繳械了 VIX恐慌指數跌至5個月低","7/25","https://www.ptt.cc/bbs/Stock/M.1753451652.A.D28.html","52.0","","美股空頭繳械了 VIX恐慌指數跌至5個月低點
原文連結：
https://news.cnyes.com/news/id/6076426
發布時間：
2025-07-25 20:00
記者署名：
林羿君
原文內容：
美國股市在堅挺的勞動市場數據加持下逼近新高的同時，衡量華爾街對未來一個月波動預
期的指標週四 (24 日) 跌至 2 月 14 日以來最低點。
芝加哥選擇權交易所波動率指數、俗稱華爾街恐慌指數的 VIX，從週三收盤水準下跌近半
點，一度觸及盤中低點 14.95 點，隨後回升至約 15 點。
這一走勢顯示，一些做空標普 500 指數的投資人已在著手停損。具體來說，那些持有會
從股市下跌或波動率上升中獲利部位的交易員，已經開始認輸了。
對沖基金 The Ambrus Group 聯席首席投資長 Kris Sidial 指出，「可以看到一些波動
率買家差不多舉手投降了。」
同時，衡量市場波動的回顧性指標實際波動率跌幅超過了 VIX。例如，芝加哥期權交易所
全球市場的數據顯示，標普 500 指數一個月的實際波動率僅 6.9%。
Cboe 全球市場衍生品市場情報主管 Mandy Xu 表示，當市場創下歷史新高時，VIX 指數
下跌並不令人意外，較令人意外的，或許是 VIX 竟然沒有跌得更低，考慮到近期實現波
動率相當溫和。
但這項指標的低點可能不會持續太久。RBC 資本市場衍生品策略主管 Amy Wu Silverman
預期，VIX 將於下個月反彈。她認為，「雖然 VIX 表面上顯示出夏季的市場自滿，但我
們往往會看到 VIX 在 8 月上升，股市下跌。」
去年 8 月 5 日，由於日圓套利交易平倉的擔憂，推升 VIX 一度從五年平均水準 20 飆
升至 66，這是自新冠疫情爆發初期以來未曾見過的高點。
Wu 指出，隨著許多經驗豐富的交易員在 8 月度假，市場交易量變少，容易放大市場波動
。「度假旺季的月份通常會導致流動性真空。」她補充道。
心得/評論：
無腦多頭行情
美股和台股作多的人賺翻了
反而是做空的人一路被嘎
現在每一個關稅公布
對市場都是一個利多
--
如果還有來世，我想當一個獸人
--","https://news.cnyes.com/news/id/6076426"
"[新聞] 台積電美國廠晶片貴2成 AMD蘇姿丰喊值得","7/25","https://www.ptt.cc/bbs/Stock/M.1753453136.A.699.html","30.0","","台積電美國廠晶片貴2成 AMD蘇姿丰喊值得
原文連結：
https://ec.ltn.com.tw/article/paper/1717434
發布時間：
2025/07/25 05:30
記者署名：
〔自由時報／記者洪友芳／新竹報導〕
原文內容：
台積電美國廠晶片貴2成 AMD蘇姿丰喊值得
2025/07/25 05:30
https://img.ltn.com.tw/Upload/business/page/800/2025/07/25/70.jpg
台積電第四大客戶、晶片大廠超微（AMD）執行長蘇姿丰。（圖右者，法新社）
〔記者洪友芳／新竹報導〕晶圓代工龍頭台積電美國廠生產晶片較台灣貴多少？台積電第
四大客戶、晶片大廠超微（AMD）執行長蘇姿丰（Lisa Su）給了答案；她透露台積電位於
亞利桑那州廠所生產製造的晶片，跟台灣生產的晶片相比，成本貴「五％至二十％」，雖
然比較貴，但是「值得」，預計今年底會出第一批貨。
外媒報導，蘇姿丰出席在華盛頓舉行的人工智慧（AI）活動，接受彭博電視訪問時指出，
台積電亞利桑那州廠目前生產製造的晶片，良率表現已與台灣廠相當，代表該廠技術成熟
度逐漸提升，對超微的生產布局具有實質意義。
蘇姿丰強調，在台積電美國亞利桑那廠生產製造的晶片雖較台灣貴，但多花額外成本是值
得的，因為有助AMD分散關鍵晶片供應來源，不易再像疫情期間出現斷鏈危機；她說，必
須考量供應鏈韌性，這是疫情帶來的教訓。
台積電美國廠第一座晶圓廠已在去年第四季量產，以四奈米製程技術切入，成為全美最先
進的晶圓廠；外傳目前月產能上看二萬片，投產客戶除了超微，還包括蘋果、輝達、高通
等。供應鏈分析，美國蓋廠，生產設備與材料、生產勞力都較台灣貴，加上供應鏈不足，
導致生產成本較高；蘇姿丰稱比台灣貴「五％至二十％」，但這應該還無法完全反映台積
電美國廠較台灣多出的真實投資成本。
心得/評論：
台積電（2330）去美國建廠生產晶片可能會讓台積電（2330）少賺一點錢不過影響不大，
長期來講台積電（2330）未來應該還會繼續成長。
--
佛教
的
是
菩薩成佛之道
是
佛經
是
佛
是
菩薩
https://www.ptt.cc/bbs/soul/M.1523979060.A.68C.html
--","https://ec.ltn.com.tw/article/paper/1717434|https://img.ltn.com.tw/Upload/business/page/800/2025/07/25/70.jpg|https://www.ptt.cc/bbs/soul/M.1523979060.A.68C.html"
"[新聞] 美國關稅收入創新高 川普考慮發放「關稅","7/25","https://www.ptt.cc/bbs/Stock/M.1753453898.A.472.html","100.0","","美國關稅收入創新高 川普考慮發放「關稅紅包」？
原文連結：
https://m.cnyes.com/news/id/6077474
發布時間：
2025-07-25 22:23
記者署名：
王貞懿
原文內容：
根據《彭博》周五（25 日）報導，美國總統川普表示，正考慮運用對貿易夥伴課徵關稅
的收入，發放退稅支票給美國民眾。美國本會計年度關稅收入首度衝破 1,000 億美元大
關。
川普周五在白宮準備前往蘇格蘭訪問前告訴記者：「我們其實在考慮這件事——錢進來很
多，我們在考慮小額退稅。對特定收入水準的民眾發小額退稅可能很棒。」
川普也提到，用關稅收入來償還美國債務是另一個選項。他說：「我們想做的大事是還債
，但我們也在考慮退稅。」
財政部月度預算報告顯示，6 月關稅收入達 270 億美元，本會計年度至今關稅收入累計
1,130 億美元。這凸顯川普為了重整全球貿易流向、吸引更多製造業回流美國而祭出的高
關稅政策奏效。
雖然關稅收入挹注美國政府財政，川普也常說關稅是由外國貿易夥伴買單，但數據顯示，
這些增加的成本其實是由美國企業和消費者承擔。
心得/評論：
全球朝貢給美國
美國人享受退稅紅包
退稅紅包又可以去買美股
美股這樣要怎麼跌
之後還一堆企業要去美國設廠
川普操盤太強了...
--
如果還有來世，我想當一個獸人
--","https://m.cnyes.com/news/id/6077474"
"Re: [新聞] 美國關稅收入創新高 川普考慮發放「關稅","7/25","https://www.ptt.cc/bbs/Stock/M.1753455860.A.6E8.html","48.0","","這糞川真的hen黑
我上一篇講惹
上一輪中美貿易戰的結果94中國跌倒別人吃飽
這種假設使得各國進入類似傳統囚徒困境這種非合作賽局
非合作賽局存在納許均衡
而納許均衡不見得4對大家最有利der
但是大家都會往那葛坑跳
也94一起乖乖被糞川白嫖惹
更深入一點捏
現存穩定的貿易秩序會小幅度重塑
想像一下尼4韓or日出口商  存在競爭關C
假設關稅日15%韓25%
至此日本產品出現10%成本優勢
日本出口商有幾種選擇
1.一樣價格繼續賣  關稅進口商吞
2.降價15%  自吞關稅
3.降更多  一口氣幹死韓國對手
韓國出口商應對上面呈現相當被動
1.原價  損失市佔營收獲利
2.降價25%  大概要虧錢惹
3.退出市場
總之勒緊褲帶過日子  同時期待韓國政府談判成功
理論上最終關稅穩定貿易秩序穩定後
關稅會逐步轉嫁到美國消費者手上
可4這東西發生都不知道幾年後的事惹
而且看上面的日商策略
這差不多等於幹死韓國  $$日本跟美國分
所以這五千多億進貢
呈現一種日本跟美國阿爸買尚方寶劍出去亂桶的局面
歐韓台現在只能出更高價去買免死金牌來擋
本來我想說尼島如果搶先達成協議
那15~20%有機會
現在變成要買免死金牌
要馬被坑爛
或者25%也沒啥好意外der
版上hen多人看日本
只是在笑說哈哈跪成這樣
真正的狠招炸下來
尼島也是藥丸
恐怖喔
--",""
"[新聞] 陸資內卷嚴重 傳華為中興PCB供應商破產…","7/25","https://www.ptt.cc/bbs/Stock/M.1753458721.A.E60.html","35.0","","原文連結：
https://reurl.cc/ekO8VK
發布時間：2025-07-24 15:30
記者署名：尹慧中
原文內容：
，大陸市場傳出
，引發市場議論。
依據大陸地方消息，
，因2008年全球金融危機衝擊及母公司經營困境而陷入破產危機
。2010年經東莞市中級人民法院裁定，雅新電子正式進入破產清算程序，其包括現代化廠
房、先進生產設備及工業用地在內的核心資產被納入司法拍賣範疇。
2025年東莞五株的經營危機逐步顯現關鍵性轉折。4月，上市公司
在年度財務報告中首次披露風險提示，針對東莞五株的應收帳款計提166萬元
，
並在附註中明確指出「鑒於客戶資金鍊緊張，款項收回存在重大不確定性」。這一財務信
號成為行業關注的重要風向標。至7月，隨著法院正式受理破產審查申請，標誌著
。
心得/評論：
當年雅新(2418)有人持有過嗎?被稱為帝王級地雷股...後來破產下市
所以東莞五株是從當年雅新破產後的屍體上長出來的嗎?
現在又被卷倒了...
這次受害者還有文中提到的方邦股份（SH:688020）
而華為中興是否也有款項拿不回來?
有投資到相關公司的網友要注意相關風險
--","https://reurl.cc/ekO8VK"
"[新聞] 會錯意？鮑爾說美國表現強勁 川普竟解讀","7/26","https://www.ptt.cc/bbs/Stock/M.1753459345.A.71D.html","53.0","","會錯意？鮑爾說美國表現強勁 川普竟解讀成Fed要降息
原文連結：
https://money.udn.com/money/amp/story/5599/8897212
發布時間：
2025-07-25 23:27
記者署名：
林文彬
原文內容：
美國總統川普25日表示，與美國聯準會（Fed）主席鮑爾前一天的會談氣氛愉快，他感覺鮑
爾可能已準備好降息。
川普24日罕見造訪Fed以視察兩座建築物正在進行的翻修工程，並與鮑爾會面。川普說：「
我們的會談氣氛很愉快…我認為我們就利率展開的交流成效很好。鮑爾向我表示…目前美國
表現很棒，十分強勁。我理解的意思是，我認為他將開始建議降息。」
外界普遍預期Fed下周將維持基準利率再4.25%至4.5%，鮑爾曾表示，Fed調整利率前應等待
其他數據出爐。
心得/評論：
鮑大人說美國經濟太好
看起來下週是不會降息
但是美股還是繼續噴 債蛙又要繼續哭
川主委下週又要開始每日一罵
川普還說跟歐洲達成關稅協議機率大概50/50
歐洲是不是要學日本先拿550B才能進場
----
Sent from
on my iPhone 12 Pro
--
幾乎每一任美國總統都希望降息
降息會刺激經濟 這樣才有成績啊
沒人當總統喜歡升息的","https://money.udn.com/money/amp/story/5599/8897212"
"[標的] ASPI 買不夠多就噴了","7/26","https://www.ptt.cc/bbs/Stock/M.1753460807.A.530.html","29.0","","標的：ASPI
分類：多
分析/正文：
之前在LEU的文裡有提到會找點建倉
最近剛好有每股8元向機構增發的消息
導致股價回落，但是太貪心還在等8元
最後閉著眼睛上車均價10.2
https://i.imgur.com/9MgrqAe.jpeg
目前主要就三大利多：
1. Si28試量產成功，開始交貨
2. HALEU預計2027年啟動，已與比爾蓋茲的Terra Power簽約
3. HALEU的部分可能會分拆成獨立公司QLE，原股東會獲得一定比例股份，預計下半年執行
現在買ASPI，送你QLE
—
利空：
1. HALEU牌照取得困難
OKLO一間核電站都沒建，憑著備忘錄和PPT從個位數噴到71
看起來難不是問題，太簡單競品太多才是
2. HALEU牌照取得進度不如預期
LEU繼續獨大，持股繼續噴
每天活在後悔之中，後悔為什麼買不夠多
進退場機制：
個人認為8元應該就是月內鋼底價了
破了看狀況決定要捏還是要損
祝大家每天活在後悔之中
-----
Sent from JPTT on my iPhone
--","https://i.imgur.com/9MgrqAe.jpeg"
"[新聞] 川普：歡迎用錢換低關稅 日本鉅額投資","7/26","https://www.ptt.cc/bbs/Stock/M.1753464302.A.D0E.html","87.0","","原文連結：
https://money.udn.com/money/story/5599/8897216
發布時間：2025-7-26
記者署名：陳熙文
原文內容：
美日達成貿易協議，日本承諾投資美國5,500億美元，又承諾開放市場。美國總統川普24
日表示，美國給予日本15%的關稅，原本打算課徵約28%，
美日近日達成貿易協議，日本除了對美國開放市場、給予零關稅，還加碼投資5,500億美
元，由美國獲取其中90%的利潤；美國擬課徵日本的關稅則從25%降至15%，日本出口美國
的汽車也只被課徵15%關稅。
川普表示，美日貿易談判並不簡單，日方談判代表團曾中途離開談判，直接飛回日本，美
日雙方多次交涉，雙方交涉時間長達數月，才得到現在這個結果。
川普說，日本承諾投資5,500億美元，其性質不是貸款，他稱為「簽約獎金」（signing
bonus）。
隨著日本與美國達成貿易協議，南韓新任財政部長具潤哲和首席貿易談判代表呂翰九原訂
25日與美方談判代表展開2+2會談，卻
；根據路透社報導指出，取消
原因是因為美財政部長貝森特的行程無法配合。
路透社引用南韓學者說法指出，美韓恐難在8月1日之前重新安排2+2會談，韓方最好的方
法就是向美國要求延長關稅寬限期。
美國貿易談判代表，包括貝森特在內，預計下周與中國大陸代表在瑞典首都斯德哥爾摩展
開第三輪高層會談。
美國戰略與國際研究中心（CSIS）朝鮮半島項目主席車維德說，美日之間達成貿易協議給
南韓政府造成很大的壓力，現在不但時間緊迫，南韓也希望與美國達成與日本同等，甚至
更好的協議。
不過，CSIS客座資深顧問塞勒認為，8月1日不是真正的期限，任何在8月1日前談成的條件
都不會是談判的終點，15%的關稅是目前的「魔法」數字，評估南韓可能無法談到低於這
數字。
南韓產業通商資源部25日表示，部長金正官和呂翰九24日在華府時，與美國商務部長盧特
尼克會談約80分鐘。從美返韓的南韓國家安保室長（相當於白宮國安顧問）魏聖洛表明，
美韓關稅談判已進入關鍵最後階段。
心得/評論：
看著南韓被退件
川皇都直接公布答案
你各位其他國家還有東亞某島國不會翻書考
真的是不知道該說什麼了欸
--","https://money.udn.com/money/story/5599/8897216"
"[新聞] 有台灣了？　川普將寄出200封關稅信：15-","7/26","https://www.ptt.cc/bbs/Stock/M.1753492166.A.95E.html","91.0","","有台灣了？　川普將寄出200封關稅信：15-20%
記者葉國吏／綜合報導
2025年07月26日 06:31 ETToday
美國總統川普即將展開五天的蘇格蘭訪問行程，出發前川普透露，8月1日前將完成大部分
貿易協議，並發出近200封關稅信函，部分信函稅率可能定為10%或15%。
川普提及，他希望美元走強，但認為美元貶值也有助於提升關稅的效益。他透露，稍早與
美聯儲主席鮑爾就利率問題進行了不錯的溝通，並推測鮑爾可能會調降利率。這顯示出川
普與鮑爾之間的緊張關係有望逐漸緩和。至於關稅收入的用途，川普表示可能會用來發放
退稅補貼給低收入者，但具體計劃仍在討論中。
此次行程的一大亮點是川普計劃在蘇格蘭開設第三家高爾夫度假村，以紀念他母親的蘇格
蘭血統。除了高爾夫度假村的相關行程，川普還將與英國首相施凱爾會面，就美英貿易框
架的微調達成共識。儘管川普坦承，降低英國鋼鋁稅的空間有限，但新框架已於6月30日
生效，部分內容仍需雙方進一步協商。
值得注意的是，英美貿易協議涉及的數位服務稅成為棘手議題。該稅即便針對非英國總部
的科技公司，也對美國企業造成影響。川普政府希望英國取消此政策，以減少美國企業的
負擔。此外，鋼鋁進口的原產地要求也成為關注焦點，英方需保證進口鋼鐵在本國熔煉，
避免中國產鋼混入供應鏈。
https://www.ettoday.net/news/20250726/3003316.htm
心得/評論：
謝謝政府8/1有答案啦!
到底會不會全開放去換 15-20%，想邊吃便宜的保健品邊開著60萬的特斯拉去吃美國牛
有夠潮
--","https://www.ettoday.net/news/20250726/3003316.htm"
"[新聞] 川普：強勢美元好聽 弱美元才有利美國製","7/26","https://www.ptt.cc/bbs/Stock/M.1753492173.A.1C6.html","89.0","","川普：強勢美元好聽 弱美元才有利美國製造與出口
原文連結：
https://news.cnyes.com/news/id/6077625
發布時間：
2025-07-26 06:40
記者署名：
陳又嘉
原文內容：
美國總統川普周五 (25 日) 對美元強勢表達了複雜的看法。他指出，儘管強勢美元「聽起來
不錯」，在心理層面也讓人感覺良好，但較弱的貨幣對美國製造商和出口商帶來更大的經濟
利益。
川普在前往蘇格蘭前於白宮對記者表示，「當我們擁有強勢美元時，會發生一件事：聽起來
很不錯，但觀光客不會來，你也賣不出拖拉機、卡車，什麼東西都賣不出去。」
這位總統指出，強勢美元的主要優勢在於有助控制通膨，但認為製造商會是美元走弱的首波
受益者。他特別提到開拓重工 (Caterpillar)(CAT-US)，該公司股價過去一個月已上漲 16%
。
川普談到，「雖然聽起來不那麼好，但與強勢美元相比，一個較弱的——不是疲弱而是較弱
——美元，你可以賺到非常多的錢。」
衡量美元兌六種主要貨幣表現的美元指數 (DXY) 繼本周稍早觸及兩周低點後，在周五穩定下
來，惟收線仍收跌。美元指數在川普總統任內的前六個月內約下跌了 10%。
川普也提到日本與中國是長期實施貨幣貶值政策的國家案例，「幾十年來持續爭取較弱的貨
幣」，這讓它們「在多年來主導了市場」。
儘管主張弱勢美元具有經濟優勢，川普也承認強勢美元在心理層面的吸引力，最後表示，「
我愛強勢美元。」
心得/評論：
懂王不愧是懂王 利率也懂 匯率也懂
大家都知道貝森特是貨幣專家
懂王跟記者講那麼多弱美元的好處
現在美國是暗中刻意走弱美元？
最近幾天台幣兌美元也在貶值
是在應對即將來臨的關稅衝擊嗎？
----
Sent from
on my iPhone 12 Pro
--","https://news.cnyes.com/news/id/6077625"
